data_index,cluster,True Classification
0,6,Sleeping
1,4,Toileting
2,4,Toileting
3,9,Toileting
4,4,Showering
5,7,Breakfast
6,10,Breakfast
7,8,Breakfast
8,7,Breakfast
9,10,Breakfast
10,1,Breakfast
11,8,Breakfast
12,4,Grooming
13,2,Spare_Time/TV
14,4,Toileting
15,9,Toileting
16,3,Leaving
17,3,Leaving
18,7,No Activity
19,2,Spare_Time/TV
20,9,Toileting
21,7,Lunch
22,10,Lunch
23,1,Lunch
24,10,Lunch
25,7,Lunch
26,4,Grooming
27,2,Spare_Time/TV
28,4,Spare_Time/TV
29,2,Spare_Time/TV
30,7,Snack
31,2,No Activity
32,6,No Activity
33,9,No Activity
34,4,Grooming
35,4,Grooming
36,4,Grooming
37,4,Showering
38,10,Breakfast
39,8,Breakfast
40,7,Breakfast
41,8,Breakfast
42,4,Grooming
43,4,Grooming
44,9,Grooming
45,2,No Activity
46,7,Snack
47,2,Spare_Time/TV
48,9,Toileting
49,4,Toileting
50,10,Lunch
51,1,Lunch
52,8,Lunch
53,10,Lunch
54,7,Lunch
55,10,Lunch
56,7,Lunch
57,4,Grooming
58,2,Spare_Time/TV
59,9,Toileting
60,10,No Activity
61,2,Spare_Time/TV
62,4,Toileting
63,9,Toileting
64,2,No Activity
65,3,Leaving
66,3,Leaving
67,2,Spare_Time/TV
68,6,Sleeping
69,9,No Activity
70,4,Showering
71,10,Breakfast
72,7,Breakfast
73,8,Breakfast
74,8,Breakfast
75,4,Grooming
76,4,Grooming
77,2,No Activity
78,7,Snack
79,2,Spare_Time/TV
80,9,Toileting
81,4,Toileting
82,2,Spare_Time/TV
83,1,Lunch
84,10,Lunch
85,7,Lunch
86,7,Lunch
87,7,Lunch
88,2,Spare_Time/TV
89,9,No Activity
90,4,Toileting
91,7,Snack
92,2,Spare_Time/TV
93,4,Toileting
94,9,No Activity
95,2,Spare_Time/TV
96,9,Toileting
97,2,Spare_Time/TV
98,9,Toileting
99,4,Toileting
100,3,Leaving
101,3,Leaving
102,2,No Activity
103,7,No Activity
104,4,Grooming
105,2,Spare_Time/TV
106,6,Sleeping
107,9,Grooming
108,4,Grooming
109,4,Grooming
110,4,Showering
111,8,Breakfast
112,10,Breakfast
113,7,Breakfast
114,8,Breakfast
115,2,Spare_Time/TV
116,4,Spare_Time/TV
117,1,Lunch
118,8,Lunch
119,7,Lunch
120,7,Lunch
121,2,Spare_Time/TV
122,9,Toileting
123,4,No Activity
124,3,Leaving
125,3,Leaving
126,7,No Activity
127,2,Spare_Time/TV
128,9,No Activity
129,2,No Activity
130,4,Grooming
131,2,Spare_Time/TV
132,4,Grooming
133,2,Spare_Time/TV
134,4,Grooming
135,6,Sleeping
136,9,No Activity
137,4,No Activity
138,4,No Activity
139,4,Showering
140,10,No Activity
141,7,No Activity
142,8,No Activity
143,8,No Activity
144,2,Spare_Time/TV
145,7,No Activity
146,1,Lunch
147,8,Lunch
148,7,Lunch
149,7,Lunch
150,2,Spare_Time/TV
151,4,Grooming
152,2,No Activity
153,9,No Activity
154,2,Spare_Time/TV
155,7,Snack
156,2,Spare_Time/TV
157,9,No Activity
158,2,Spare_Time/TV
159,6,Sleeping
160,9,No Activity
161,4,Grooming
162,4,Grooming
163,4,Showering
164,4,No Activity
165,8,Breakfast
166,10,Breakfast
167,7,Breakfast
168,8,Breakfast
169,2,Spare_Time/TV
170,4,Grooming
171,2,Spare_Time/TV
172,4,Grooming
173,3,Leaving
174,3,Leaving
175,2,Spare_Time/TV
176,3,Spare_Time/TV
177,2,Spare_Time/TV
178,9,No Activity
179,2,Spare_Time/TV
180,6,Sleeping
181,9,No Activity
182,4,Grooming
183,4,Grooming
184,4,Showering
185,7,Breakfast
186,10,Breakfast
187,8,Breakfast
188,8,Breakfast
189,2,Spare_Time/TV
190,9,No Activity
191,3,Leaving
192,3,Leaving
193,2,Spare_Time/TV
194,7,Snack
195,2,Spare_Time/TV
196,4,Grooming
197,2,Spare_Time/TV
198,9,Toileting
199,4,Toileting
200,7,Snack
201,2,Spare_Time/TV
202,9,Toileting
203,4,Toileting
204,2,Spare_Time/TV
205,4,Grooming
206,6,Sleeping
207,9,Toileting
208,4,Grooming
209,4,Showering
210,2,No Activity
211,10,Breakfast
212,7,Breakfast
213,8,Breakfast
214,8,Breakfast
215,7,Breakfast
216,2,No Activity
217,4,Grooming
218,3,Leaving
219,3,Leaving
220,7,Lunch
221,10,Lunch
222,1,Lunch
223,8,Lunch
224,7,Lunch
225,7,Lunch
226,7,Lunch
227,7,Lunch
228,10,Lunch
229,4,No Activity
230,9,No Activity
231,2,Spare_Time/TV
232,9,No Activity
233,2,Spare_Time/TV
234,3,Leaving
235,3,Leaving
236,2,Spare_Time/TV
237,7,Snack
238,2,Spare_Time/TV
239,4,Grooming
240,9,No Activity
241,2,Spare_Time/TV
242,4,Toileting
243,9,No Activity
244,4,Grooming
245,2,Spare_Time/TV
246,9,Toileting
247,4,Toileting
248,6,Sleeping
249,9,No Activity
250,4,Grooming
251,4,Grooming
252,4,Grooming
253,4,Showering
254,8,Breakfast
255,10,Breakfast
256,7,Breakfast
257,8,Breakfast
258,2,Spare_Time/TV
259,10,Lunch
260,1,Lunch
261,8,Lunch
262,7,Lunch
263,7,Lunch
264,7,Lunch
265,2,No Activity
266,4,Grooming
267,2,Spare_Time/TV
268,9,Toileting
269,4,No Activity
270,2,Spare_Time/TV
271,4,Grooming
272,2,Spare_Time/TV
273,7,Snack
274,4,Grooming
275,2,Spare_Time/TV
276,4,Grooming
277,2,Spare_Time/TV
278,9,Toileting
279,6,Sleeping
280,9,No Activity
281,4,Grooming
282,4,Grooming
283,4,No Activity
284,4,Showering
285,8,Breakfast
286,10,Breakfast
287,7,Breakfast
288,8,Breakfast
289,2,Spare_Time/TV
290,10,Lunch
291,1,Lunch
292,8,Lunch
293,7,Lunch
294,7,Lunch
295,10,Lunch
296,7,Lunch
297,2,Spare_Time/TV
298,4,Grooming
299,9,No Activity
300,2,Spare_Time/TV
301,4,Grooming
302,3,Leaving
303,3,Leaving
304,4,Grooming
305,9,No Activity
306,2,Spare_Time/TV
307,3,No Activity
308,7,Snack
309,10,Snack
310,7,Snack
311,10,Snack
312,7,Snack
313,9,Toileting
314,2,Spare_Time/TV
315,3,No Activity
316,2,Spare_Time/TV
317,4,Toileting
318,2,Spare_Time/TV
319,6,Sleeping
320,4,Grooming
321,9,No Activity
322,4,Grooming
323,4,Grooming
324,4,Showering
325,8,Breakfast
326,10,Breakfast
327,7,Breakfast
328,1,Breakfast
329,8,Breakfast
330,2,Spare_Time/TV
331,4,Grooming
332,3,Leaving
333,3,Leaving
334,2,Spare_Time/TV
335,4,Grooming
336,2,Spare_Time/TV
337,4,Grooming
338,2,Spare_Time/TV
339,4,Grooming
340,6,Sleeping
341,9,Toileting
342,4,Grooming
343,4,Grooming
344,4,Showering
345,8,Breakfast
346,10,Breakfast
347,7,Breakfast
348,1,Breakfast
349,8,Breakfast
350,2,Spare_Time/TV
351,4,Grooming
352,3,Leaving
353,3,Leaving
354,2,Spare_Time/TV
355,9,No Activity
356,2,Spare_Time/TV
357,4,Grooming
358,2,No Activity
359,3,Leaving
360,3,Leaving
361,7,No Activity
362,2,Spare_Time/TV
363,4,Grooming
364,2,Spare_Time/TV
365,4,Grooming
366,2,Spare_Time/TV
367,6,Sleeping
368,9,No Activity
369,4,Grooming
370,4,Grooming
371,4,Grooming
372,4,Grooming
373,4,Showering
374,10,Breakfast
375,8,Breakfast
376,10,Breakfast
377,7,Breakfast
378,8,Breakfast
379,1,Breakfast
380,2,Spare_Time/TV
381,4,Grooming
382,3,Leaving
383,3,Leaving
384,2,Spare_Time/TV
385,4,Grooming
386,3,No Activity
387,3,No Activity
388,2,Spare_Time/TV
389,4,No Activity
390,6,Sleeping
391,9,No Activity
392,4,Grooming
393,4,Showering
394,8,Breakfast
395,10,Breakfast
396,7,Breakfast
397,8,Breakfast
398,2,Spare_Time/TV
399,10,Lunch
400,1,Lunch
401,10,Lunch
402,10,Lunch
403,10,Lunch
404,7,Lunch
405,9,Toileting
406,4,Grooming
407,2,No Activity
408,6,No Activity
409,2,Spare_Time/TV
410,0,No Activity
411,1,No Activity
412,1,Spare_Time/TV
413,0,Spare_Time/TV
414,2,Spare_Time/TV
415,0,Spare_Time/TV
416,5,No Activity
417,5,No Activity
418,4,No Activity
419,0,Spare_Time/TV
420,2,No Activity
421,0,Toileting
422,4,Toileting
423,9,No Activity
424,5,Toileting
425,6,Sleeping
426,5,Sleeping
427,9,Toileting
428,0,No Activity
429,0,No Activity
430,1,Breakfast
431,7,Breakfast
432,8,Breakfast
433,1,Breakfast
434,5,No Activity
435,5,Spare_Time/TV
436,0,Spare_Time/TV
437,2,Spare_Time/TV
438,0,Spare_Time/TV
439,5,No Activity
440,5,No Activity
441,4,Grooming
442,4,Showering
443,0,No Activity
444,0,Grooming
445,1,Grooming
446,1,Grooming
447,4,Grooming
448,9,No Activity
449,4,No Activity
450,1,Grooming
451,1,No Activity
452,0,No Activity
453,0,No Activity
454,4,Grooming
455,0,Spare_Time/TV
456,0,Spare_Time/TV
457,1,Snack
458,7,Snack
459,8,Snack
460,1,Snack
461,0,No Activity
462,0,No Activity
463,5,No Activity
464,5,No Activity
465,1,No Activity
466,1,No Activity
467,5,No Activity
468,5,No Activity
469,1,Snack
470,7,Snack
471,7,Snack
472,1,Snack
473,0,Snack
474,0,No Activity
475,5,No Activity
476,5,No Activity
477,1,No Activity
478,1,No Activity
479,5,No Activity
480,5,Toileting
481,9,Toileting
482,5,No Activity
483,5,No Activity
484,0,No Activity
485,0,No Activity
486,9,Toileting
487,4,Grooming
488,4,Grooming
489,0,Spare_Time/TV
490,0,Spare_Time/TV
491,1,No Activity
492,1,No Activity
493,1,Lunch
494,7,Lunch
495,1,Lunch
496,0,Lunch
497,0,Lunch
498,1,Lunch
499,10,Lunch
500,10,Lunch
501,1,Lunch
502,0,Lunch
503,0,Lunch
504,1,Lunch
505,10,Lunch
506,1,Lunch
507,0,Spare_Time/TV
508,0,Spare_Time/TV
509,1,Snack
510,10,Snack
511,1,Snack
512,9,No Activity
513,4,Grooming
514,0,Spare_Time/TV
515,2,Spare_Time/TV
516,0,Spare_Time/TV
517,3,Leaving
518,3,Leaving
519,0,Spare_Time/TV
520,0,Spare_Time/TV
521,1,Spare_Time/TV
522,1,Spare_Time/TV
523,0,No Activity
524,0,No Activity
525,9,No Activity
526,4,No Activity
527,0,Grooming
528,2,Spare_Time/TV
529,0,Snack
530,1,Snack
531,7,Snack
532,8,Snack
533,1,Snack
534,5,No Activity
535,5,Spare_Time/TV
536,0,Spare_Time/TV
537,2,Spare_Time/TV
538,0,Spare_Time/TV
539,5,Spare_Time/TV
540,5,No Activity
541,0,Spare_Time/TV
542,0,Spare_Time/TV
543,4,Grooming
544,0,Grooming
545,0,No Activity
546,5,No Activity
547,5,No Activity
548,1,Dinner
549,10,Dinner
550,1,Dinner
551,4,Grooming
552,0,Spare_Time/TV
553,2,Spare_Time/TV
554,0,Spare_Time/TV
555,5,Spare_Time/TV
556,5,Toileting
557,9,Toileting
558,0,No Activity
559,0,No Activity
560,1,No Activity
561,1,No Activity
562,0,No Activity
563,2,Spare_Time/TV
564,0,No Activity
565,4,Grooming
566,5,Grooming
567,6,Sleeping
568,5,Sleeping
569,0,No Activity
570,0,Breakfast
571,1,Breakfast
572,7,Breakfast
573,8,Breakfast
574,7,Breakfast
575,1,Breakfast
576,5,No Activity
577,5,No Activity
578,4,Grooming
579,9,Toileting
580,4,Grooming
581,4,Grooming
582,4,Grooming
583,5,No Activity
584,5,No Activity
585,3,Leaving
586,3,Leaving
587,1,Leaving
588,7,No Activity
589,1,No Activity
590,1,Snack
591,1,Snack
592,5,No Activity
593,5,No Activity
594,3,Leaving
595,3,Leaving
596,1,No Activity
597,1,No Activity
598,5,No Activity
599,5,No Activity
600,1,Snack
601,7,Snack
602,7,Snack
603,1,Snack
604,1,No Activity
605,1,No Activity
606,9,Toileting
607,1,Lunch
608,1,Lunch
609,1,Lunch
610,10,Lunch
611,7,Lunch
612,10,Lunch
613,1,Lunch
614,0,Lunch
615,0,Lunch
616,1,Lunch
617,1,Lunch
618,0,Spare_Time/TV
619,2,Spare_Time/TV
620,0,Spare_Time/TV
621,1,Spare_Time/TV
622,1,No Activity
623,0,No Activity
624,0,No Activity
625,9,No Activity
626,0,Toileting
627,0,Spare_Time/TV
628,5,No Activity
629,5,No Activity
630,0,Spare_Time/TV
631,2,Spare_Time/TV
632,0,Spare_Time/TV
633,5,No Activity
634,5,Snack
635,1,Snack
636,1,Snack
637,0,Spare_Time/TV
638,2,Spare_Time/TV
639,0,Spare_Time/TV
640,0,Spare_Time/TV
641,2,Spare_Time/TV
642,0,Spare_Time/TV
643,0,Spare_Time/TV
644,2,Spare_Time/TV
645,0,Spare_Time/TV
646,1,Snack
647,1,Snack
648,1,Snack
649,1,No Activity
650,0,No Activity
651,0,No Activity
652,9,Toileting
653,5,No Activity
654,5,No Activity
655,0,Spare_Time/TV
656,2,Spare_Time/TV
657,0,Spare_Time/TV
658,5,Spare_Time/TV
659,5,Spare_Time/TV
660,0,Spare_Time/TV
661,0,Dinner
662,1,Dinner
663,8,Dinner
664,1,Dinner
665,0,Dinner
666,0,No Activity
667,5,No Activity
668,5,No Activity
669,4,Grooming
670,0,Grooming
671,0,No Activity
672,1,No Activity
673,1,No Activity
674,0,No Activity
675,2,Spare_Time/TV
676,0,No Activity
677,4,No Activity
678,9,Toileting
679,5,Toileting
680,6,Sleeping
681,5,Sleeping
682,4,Grooming
683,5,Grooming
684,6,Sleeping
685,5,Sleeping
686,9,Toileting
687,5,Toileting
688,5,Breakfast
689,1,Breakfast
690,7,Breakfast
691,8,Breakfast
692,8,Breakfast
693,1,Breakfast
694,0,No Activity
695,0,No Activity
696,5,Spare_Time/TV
697,5,Spare_Time/TV
698,0,Spare_Time/TV
699,2,Spare_Time/TV
700,0,Spare_Time/TV
701,1,Breakfast
702,7,Breakfast
703,1,Breakfast
704,1,Breakfast
705,10,Breakfast
706,1,Breakfast
707,5,No Activity
708,5,No Activity
709,0,Spare_Time/TV
710,2,Spare_Time/TV
711,0,Spare_Time/TV
712,0,Spare_Time/TV
713,2,Spare_Time/TV
714,0,Spare_Time/TV
715,1,No Activity
716,1,No Activity
717,4,Grooming
718,4,Showering
719,4,Grooming
720,4,Grooming
721,5,No Activity
722,5,No Activity
723,4,Grooming
724,0,Spare_Time/TV
725,0,Spare_Time/TV
726,5,Spare_Time/TV
727,5,Spare_Time/TV
728,0,Spare_Time/TV
729,2,Spare_Time/TV
730,0,Spare_Time/TV
731,3,Spare_Time/TV
732,3,Leaving
733,0,Leaving
734,0,Leaving
735,1,Leaving
736,1,No Activity
737,0,No Activity
738,0,No Activity
739,3,Leaving
740,3,Leaving
741,9,No Activity
742,4,No Activity
743,0,Grooming
744,0,No Activity
745,5,No Activity
746,5,No Activity
747,3,Leaving
748,3,Leaving
749,0,No Activity
750,0,No Activity
751,0,Spare_Time/TV
752,2,Spare_Time/TV
753,0,Spare_Time/TV
754,0,No Activity
755,0,No Activity
756,5,No Activity
757,5,No Activity
758,0,No Activity
759,0,No Activity
760,1,No Activity
761,1,No Activity
762,0,Spare_Time/TV
763,2,Spare_Time/TV
764,0,Spare_Time/TV
765,0,Spare_Time/TV
766,0,Spare_Time/TV
767,1,Spare_Time/TV
768,8,Dinner
769,10,Dinner
770,1,Dinner
771,0,Dinner
772,0,Dinner
773,1,Dinner
774,8,Dinner
775,7,Dinner
776,7,Dinner
777,1,Dinner
778,0,Dinner
779,2,Spare_Time/TV
780,0,Spare_Time/TV
781,1,Spare_Time/TV
782,7,Snack
783,1,Snack
784,0,Spare_Time/TV
785,2,Spare_Time/TV
786,0,Spare_Time/TV
787,5,No Activity
788,5,No Activity
789,1,No Activity
790,1,No Activity
791,0,No Activity
792,2,Spare_Time/TV
793,0,No Activity
794,4,Grooming
795,9,No Activity
796,4,No Activity
797,5,Grooming
798,6,Sleeping
799,5,No Activity
800,5,Sleeping
801,6,Sleeping
802,5,Sleeping
803,0,Sleeping
804,2,Spare_Time/TV
805,0,Spare_Time/TV
806,5,Sleeping
807,6,Sleeping
808,5,Sleeping
809,9,Toileting
810,5,Sleeping
811,6,Sleeping
812,5,Sleeping
813,0,No Activity
814,0,Breakfast
815,1,Breakfast
816,7,Breakfast
817,8,Breakfast
818,1,Breakfast
819,0,Breakfast
820,0,No Activity
821,9,No Activity
822,4,Grooming
823,5,Grooming
824,5,Grooming
825,4,Grooming
826,4,No Activity
827,4,Grooming
828,5,No Activity
829,5,No Activity
830,1,Snack
831,1,Snack
832,5,No Activity
833,5,No Activity
834,0,No Activity
835,2,Spare_Time/TV
836,0,No Activity
837,5,No Activity
838,5,No Activity
839,3,Leaving
840,3,Leaving
841,1,Leaving
842,1,No Activity
843,0,No Activity
844,0,No Activity
845,1,No Activity
846,1,No Activity
847,0,No Activity
848,2,Spare_Time/TV
849,0,No Activity
850,1,No Activity
851,1,No Activity
852,0,No Activity
853,0,Lunch
854,1,Lunch
855,10,Lunch
856,1,Lunch
857,0,Lunch
858,0,Lunch
859,1,Lunch
860,7,Lunch
861,1,Lunch
862,0,Lunch
863,0,Lunch
864,1,Lunch
865,7,Lunch
866,1,Lunch
867,0,Lunch
868,0,No Activity
869,9,No Activity
870,4,No Activity
871,0,No Activity
872,0,Leaving
873,3,Leaving
874,3,Leaving
875,0,No Activity
876,0,No Activity
877,1,No Activity
878,1,No Activity
879,0,No Activity
880,0,No Activity
881,1,Snack
882,1,Snack
883,0,Snack
884,0,Dinner
885,1,Dinner
886,8,Dinner
887,10,Dinner
888,1,Dinner
889,0,No Activity
890,0,No Activity
891,1,No Activity
892,1,No Activity
893,0,No Activity
894,0,Grooming
895,4,No Activity
896,9,No Activity
897,4,Grooming
898,0,Grooming
899,0,No Activity
900,5,Sleeping
901,6,Sleeping
902,5,Sleeping
903,0,No Activity
904,0,No Activity
905,1,Breakfast
906,7,Breakfast
907,8,Breakfast
908,1,Breakfast
909,4,Showering
910,4,Grooming
911,4,Grooming
912,5,No Activity
913,5,No Activity
914,4,Grooming
915,0,No Activity
916,0,Snack
917,1,Snack
918,7,Snack
919,1,Snack
920,3,Leaving
921,3,Leaving
922,5,No Activity
923,5,Spare_Time/TV
924,0,Spare_Time/TV
925,2,Spare_Time/TV
926,0,Spare_Time/TV
927,1,Spare_Time/TV
928,1,No Activity
929,0,No Activity
930,0,Lunch
931,1,Lunch
932,10,Lunch
933,1,Lunch
934,0,Lunch
935,0,Lunch
936,1,Lunch
937,1,Lunch
938,0,Lunch
939,0,Lunch
940,1,Lunch
941,1,Lunch
942,0,Lunch
943,0,Lunch
944,1,Lunch
945,1,Lunch
946,9,Toileting
947,5,No Activity
948,5,No Activity
949,0,No Activity
950,0,No Activity
951,3,Leaving
952,3,Leaving
953,0,Leaving
954,0,Leaving
955,9,Toileting
956,0,Toileting
957,0,Snack
958,1,Snack
959,8,No Activity
960,7,Snack
961,1,Spare_Time/TV
962,0,Spare_Time/TV
963,2,Spare_Time/TV
964,0,Spare_Time/TV
965,1,Spare_Time/TV
966,1,Spare_Time/TV
967,0,Spare_Time/TV
968,2,Spare_Time/TV
969,0,Spare_Time/TV
970,1,Spare_Time/TV
971,1,Spare_Time/TV
972,0,Spare_Time/TV
973,2,Spare_Time/TV
974,0,Spare_Time/TV
975,0,No Activity
976,0,No Activity
977,4,Grooming
978,0,No Activity
979,0,No Activity
980,3,No Activity
981,3,No Activity
982,5,No Activity
983,5,No Activity
984,0,No Activity
985,0,No Activity
986,4,Grooming
987,9,No Activity
988,4,No Activity
989,5,Sleeping
990,6,Sleeping
991,5,Sleeping
992,9,Toileting
993,0,No Activity
994,0,Breakfast
995,1,Breakfast
996,7,Breakfast
997,7,Breakfast
998,8,Breakfast
999,1,Breakfast
1000,5,No Activity
1001,5,No Activity
1002,4,No Activity
1003,4,Grooming
1004,4,Grooming
1005,5,No Activity
1006,5,No Activity
1007,4,Grooming
1008,5,No Activity
1009,5,No Activity
1010,3,Leaving
1011,3,Leaving
1012,0,No Activity
1013,0,No Activity
1014,5,No Activity
1015,5,No Activity
1016,5,No Activity
1017,5,No Activity
1018,4,Grooming
1019,5,No Activity
1020,5,No Activity
1021,0,Spare_Time/TV
1022,2,Spare_Time/TV
1023,0,Spare_Time/TV
1024,1,Spare_Time/TV
1025,1,Spare_Time/TV
1026,0,Spare_Time/TV
1027,2,Spare_Time/TV
1028,0,Spare_Time/TV
1029,0,No Activity
1030,0,No Activity
1031,5,No Activity
1032,5,No Activity
1033,3,Leaving
1034,3,Leaving
1035,5,Leaving
1036,5,No Activity
1037,9,No Activity
1038,4,Toileting
1039,0,Toileting
1040,0,Spare_Time/TV
1041,1,Spare_Time/TV
1042,1,Spare_Time/TV
1043,0,Spare_Time/TV
1044,2,Spare_Time/TV
1045,0,Spare_Time/TV
1046,1,No Activity
1047,1,No Activity
1048,0,No Activity
1049,0,No Activity
1050,5,No Activity
1051,5,No Activity
1052,0,Spare_Time/TV
1053,0,Spare_Time/TV
1054,0,Spare_Time/TV
1055,0,Spare_Time/TV
1056,1,Spare_Time/TV
1057,1,Spare_Time/TV
1058,0,Spare_Time/TV
1059,2,Spare_Time/TV
1060,0,Spare_Time/TV
1061,1,Spare_Time/TV
1062,1,Spare_Time/TV
1063,0,Spare_Time/TV
1064,2,Spare_Time/TV
1065,0,Spare_Time/TV
1066,1,Spare_Time/TV
1067,8,Snack
1068,1,Snack
1069,0,Snack
1070,0,Snack
1071,1,Snack
1072,8,Snack
1073,1,Snack
1074,0,No Activity
1075,0,No Activity
1076,5,No Activity
1077,5,No Activity
1078,0,No Activity
1079,0,No Activity
1080,9,Toileting
1081,4,Grooming
1082,5,Grooming
1083,5,Grooming
1084,0,No Activity
1085,0,No Activity
1086,5,No Activity
1087,5,No Activity
1088,0,No Activity
1089,0,No Activity
1090,4,Grooming
1091,0,No Activity
1092,0,No Activity
1093,3,No Activity
1094,3,No Activity
1095,5,No Activity
1096,5,No Activity
1097,0,Spare_Time/TV
1098,2,Spare_Time/TV
1099,0,Spare_Time/TV
1100,5,Sleeping
1101,6,Sleeping
1102,5,Sleeping
1103,0,Sleeping
1104,0,No Activity
1105,1,No Activity
1106,1,No Activity
1107,9,Toileting
1108,1,Breakfast
1109,7,Breakfast
1110,8,Breakfast
1111,7,Breakfast
1112,1,Breakfast
1113,5,No Activity
1114,5,No Activity
1115,1,No Activity
1116,1,No Activity
1117,4,Showering
1118,4,Grooming
1119,4,Grooming
1120,5,No Activity
1121,5,No Activity
1122,3,Leaving
1123,3,Leaving
1124,5,No Activity
1125,5,No Activity
1126,1,No Activity
1127,1,No Activity
1128,5,No Activity
1129,5,No Activity
1130,0,No Activity
1131,0,No Activity
1132,0,Spare_Time/TV
1133,2,Spare_Time/TV
1134,0,Spare_Time/TV
1135,3,Leaving
1136,3,Leaving
1137,0,Leaving
1138,0,No Activity
1139,1,No Activity
1140,1,No Activity
1141,0,Lunch
1142,0,Lunch
1143,1,Lunch
1144,10,Lunch
1145,1,Lunch
1146,0,Lunch
1147,0,Lunch
1148,1,Lunch
1149,1,Lunch
1150,0,Lunch
1151,0,No Activity
1152,1,No Activity
1153,1,No Activity
1154,0,No Activity
1155,0,No Activity
1156,1,No Activity
1157,1,No Activity
1158,0,No Activity
1159,0,Snack
1160,1,Snack
1161,1,Snack
1162,9,No Activity
1163,4,No Activity
1164,0,No Activity
1165,0,Grooming
1166,4,No Activity
1167,0,Spare_Time/TV
1168,2,Spare_Time/TV
1169,0,Spare_Time/TV
1170,1,Spare_Time/TV
1171,1,Spare_Time/TV
1172,0,Spare_Time/TV
1173,0,Spare_Time/TV
1174,1,Spare_Time/TV
1175,1,Spare_Time/TV
1176,0,Spare_Time/TV
1177,2,Spare_Time/TV
1178,0,Spare_Time/TV
1179,0,Spare_Time/TV
1180,2,Spare_Time/TV
1181,0,Spare_Time/TV
1182,1,Spare_Time/TV
1183,1,No Activity
1184,0,No Activity
1185,0,No Activity
1186,3,Leaving
1187,3,Leaving
1188,1,Dinner
1189,7,Dinner
1190,7,Dinner
1191,1,Dinner
1192,0,Dinner
1193,0,Dinner
1194,5,Dinner
1195,5,No Activity
1196,4,Grooming
1197,4,Grooming
1198,0,Spare_Time/TV
1199,0,Snack
1200,1,Snack
1201,8,No Activity
1202,1,Snack
1203,0,Snack
1204,0,Grooming
1205,4,Grooming
1206,0,Grooming
1207,0,No Activity
1208,1,No Activity
1209,1,No Activity
1210,0,No Activity
1211,2,Spare_Time/TV
1212,0,No Activity
1213,1,No Activity
1214,1,No Activity
1215,9,Toileting
1216,5,Toileting
1217,6,Sleeping
1218,5,Sleeping
1219,9,Toileting
1220,1,Breakfast
1221,7,Breakfast
1222,7,Breakfast
1223,8,Breakfast
1224,7,Breakfast
1225,1,Breakfast
1226,0,Breakfast
1227,0,No Activity
1228,1,No Activity
1229,1,No Activity
1230,0,Spare_Time/TV
1231,2,Spare_Time/TV
1232,0,Spare_Time/TV
1233,1,No Activity
1234,1,No Activity
1235,0,No Activity
1236,0,No Activity
1237,5,No Activity
1238,5,No Activity
1239,0,No Activity
1240,0,No Activity
1241,1,No Activity
1242,1,No Activity
1243,5,No Activity
1244,5,No Activity
1245,0,No Activity
1246,0,No Activity
1247,1,No Activity
1248,1,No Activity
1249,4,Grooming
1250,4,Grooming
1251,4,Showering
1252,9,Toileting
1253,4,Grooming
1254,0,No Activity
1255,0,Grooming
1256,4,Grooming
1257,5,No Activity
1258,5,No Activity
1259,0,No Activity
1260,0,No Activity
1261,1,No Activity
1262,1,No Activity
1263,0,Spare_Time/TV
1264,2,Spare_Time/TV
1265,0,Grooming
1266,4,Grooming
1267,0,Grooming
1268,0,No Activity
1269,9,No Activity
1270,4,Grooming
1271,5,Toileting
1272,5,Toileting
1273,3,Leaving
1274,3,Leaving
1275,0,Leaving
1276,0,Toileting
1277,9,Toileting
1278,0,Toileting
1279,0,Snack
1280,1,Snack
1281,7,Snack
1282,8,Snack
1283,8,Snack
1284,7,Snack
1285,1,Snack
1286,0,Spare_Time/TV
1287,2,Spare_Time/TV
1288,0,Spare_Time/TV
1289,0,No Activity
1290,0,No Activity
1291,1,No Activity
1292,1,No Activity
1293,0,Spare_Time/TV
1294,2,Spare_Time/TV
1295,0,Spare_Time/TV
1296,0,Spare_Time/TV
1297,0,Spare_Time/TV
1298,1,Spare_Time/TV
1299,8,Dinner
1300,7,Dinner
1301,10,Dinner
1302,1,Dinner
1303,0,No Activity
1304,0,No Activity
1305,1,No Activity
1306,1,No Activity
1307,0,No Activity
1308,0,No Activity
1309,4,Grooming
1310,0,No Activity
1311,0,No Activity
1312,1,Snack
1313,7,Snack
1314,1,Snack
1315,0,Snack
1316,2,Spare_Time/TV
1317,0,No Activity
1318,1,No Activity
1319,1,No Activity
1320,0,No Activity
1321,2,No Activity
1322,0,No Activity
1323,9,Toileting
1324,5,Sleeping
1325,6,Sleeping
1326,5,Sleeping
1327,0,No Activity
1328,0,No Activity
1329,1,No Activity
1330,1,No Activity
1331,0,No Activity
1332,0,No Activity
1333,5,No Activity
1334,5,No Activity
1335,9,No Activity
1336,0,Breakfast
1337,0,Breakfast
1338,1,Breakfast
1339,7,Breakfast
1340,1,Breakfast
1341,0,No Activity
1342,0,No Activity
1343,5,No Activity
1344,5,No Activity
1345,4,Grooming
1346,4,Grooming
1347,1,Snack
1348,7,Snack
1349,1,Snack
1350,0,Spare_Time/TV
1351,2,Spare_Time/TV
1352,0,Spare_Time/TV
1353,9,No Activity
1354,1,Snack
1355,7,Snack
1356,1,Snack
1357,0,No Activity
1358,0,No Activity
1359,1,No Activity
1360,1,No Activity
1361,0,No Activity
1362,0,No Activity
1363,1,No Activity
1364,1,Spare_Time/TV
1365,0,Spare_Time/TV
1366,0,Spare_Time/TV
1367,0,Spare_Time/TV
1368,0,Spare_Time/TV
1369,1,Lunch
1370,10,Lunch
1371,1,Lunch
1372,0,Lunch
1373,0,Lunch
1374,1,Lunch
1375,7,Lunch
1376,1,Lunch
1377,0,Lunch
1378,0,Lunch
1379,1,No Activity
1380,1,Spare_Time/TV
1381,0,Spare_Time/TV
1382,2,Spare_Time/TV
1383,0,Spare_Time/TV
1384,1,Spare_Time/TV
1385,1,No Activity
1386,0,No Activity
1387,0,No Activity
1388,1,No Activity
1389,1,No Activity
1390,9,Toileting
1391,0,Toileting
1392,0,No Activity
1393,3,Leaving
1394,3,Leaving
1395,0,Spare_Time/TV
1396,2,Spare_Time/TV
1397,0,Spare_Time/TV
1398,0,Spare_Time/TV
1399,2,Spare_Time/TV
1400,0,Spare_Time/TV
1401,1,Spare_Time/TV
1402,1,No Activity
1403,0,No Activity
1404,2,Spare_Time/TV
1405,0,Grooming
1406,4,Grooming
1407,0,No Activity
1408,0,No Activity
1409,9,No Activity
1410,4,No Activity
1411,0,Grooming
1412,0,No Activity
1413,5,Sleeping
1414,6,Sleeping
1415,5,Sleeping
1416,9,Toileting
1417,0,Toileting
1418,0,Breakfast
1419,1,Breakfast
1420,7,Breakfast
1421,7,Breakfast
1422,7,Breakfast
1423,1,Breakfast
1424,0,Spare_Time/TV
1425,2,Spare_Time/TV
1426,0,Spare_Time/TV
1427,0,No Activity
1428,0,No Activity
1429,4,Grooming
1430,9,No Activity
1431,4,Grooming
1432,3,Leaving
1433,3,Leaving
1434,1,No Activity
1435,1,No Activity
1436,0,Spare_Time/TV
1437,2,Spare_Time/TV
1438,0,Spare_Time/TV
1439,1,No Activity
1440,1,No Activity
1441,0,No Activity
1442,0,No Activity
1443,5,No Activity
1444,5,No Activity
1445,0,No Activity
1446,0,No Activity
1447,5,No Activity
1448,5,No Activity
1449,0,No Activity
1450,0,No Activity
1451,1,No Activity
1452,1,Spare_Time/TV
1453,0,Spare_Time/TV
1454,2,Spare_Time/TV
1455,0,Spare_Time/TV
1456,1,Lunch
1457,10,Lunch
1458,1,Lunch
1459,0,Lunch
1460,0,Lunch
1461,0,Lunch
1462,0,Lunch
1463,1,Lunch
1464,1,Spare_Time/TV
1465,0,Spare_Time/TV
1466,0,Spare_Time/TV
1467,1,No Activity
1468,1,No Activity
1469,0,No Activity
1470,0,No Activity
1471,1,No Activity
1472,1,Spare_Time/TV
1473,0,Spare_Time/TV
1474,2,Spare_Time/TV
1475,0,Snack
1476,1,Snack
1477,7,Snack
1478,1,Snack
1479,0,Spare_Time/TV
1480,2,Spare_Time/TV
1481,0,Spare_Time/TV
1482,0,Spare_Time/TV
1483,2,Spare_Time/TV
1484,0,Spare_Time/TV
1485,0,Spare_Time/TV
1486,0,Spare_Time/TV
1487,5,Spare_Time/TV
1488,5,No Activity
1489,0,No Activity
1490,0,No Activity
1491,5,No Activity
1492,5,No Activity
1493,0,No Activity
1494,0,Toileting
1495,9,Toileting
1496,5,No Activity
1497,5,No Activity
1498,0,No Activity
1499,0,No Activity
1500,1,No Activity
1501,1,No Activity
1502,0,No Activity
1503,0,No Activity
1504,3,No Activity
1505,3,Snack
1506,1,Snack
1507,7,Snack
1508,1,Snack
1509,5,No Activity
1510,5,Grooming
1511,4,Grooming
1512,0,No Activity
1513,0,No Activity
1514,5,Sleeping
1515,6,Sleeping
1516,5,Sleeping
1517,5,Sleeping
1518,6,Sleeping
1519,5,Sleeping
1520,9,Toileting
1521,0,Toileting
1522,0,Breakfast
1523,1,Breakfast
1524,7,Breakfast
1525,7,Breakfast
1526,10,Breakfast
1527,1,Breakfast
1528,0,No Activity
1529,0,No Activity
1530,5,No Activity
1531,5,No Activity
1532,1,Snack
1533,10,Snack
1534,1,Snack
1535,0,Spare_Time/TV
1536,2,Spare_Time/TV
1537,0,Spare_Time/TV
1538,1,Spare_Time/TV
1539,7,Spare_Time/TV
1540,1,Snack
1541,4,Grooming
1542,0,Spare_Time/TV
1543,2,Spare_Time/TV
1544,0,Spare_Time/TV
1545,0,Spare_Time/TV
1546,0,Spare_Time/TV
1547,0,Spare_Time/TV
1548,2,Spare_Time/TV
1549,0,Spare_Time/TV
1550,1,Spare_Time/TV
1551,1,No Activity
1552,9,No Activity
1553,1,Lunch
1554,7,Lunch
1555,1,Lunch
1556,0,Lunch
1557,0,Lunch
1558,1,Lunch
1559,7,Lunch
1560,1,Lunch
1561,0,Lunch
1562,0,Spare_Time/TV
1563,1,Snack
1564,10,Snack
1565,1,Spare_Time/TV
1566,0,Spare_Time/TV
1567,2,Spare_Time/TV
1568,0,Spare_Time/TV
1569,1,Spare_Time/TV
1570,7,Snack
1571,1,Spare_Time/TV
1572,0,Spare_Time/TV
1573,2,Spare_Time/TV
1574,0,Spare_Time/TV
1575,1,No Activity
1576,1,No Activity
1577,0,No Activity
1578,0,No Activity
1579,1,No Activity
1580,1,No Activity
1581,0,No Activity
1582,0,No Activity
1583,5,No Activity
1584,5,No Activity
1585,4,Grooming
1586,9,No Activity
1587,0,No Activity
1588,0,No Activity
1589,5,No Activity
1590,5,No Activity
1591,0,No Activity
1592,0,No Activity
1593,3,No Activity
1594,3,No Activity
1595,5,No Activity
1596,5,Snack
1597,0,Snack
1598,0,Snack
1599,1,Snack
1600,7,Snack
1601,1,Snack
1602,5,No Activity
1603,5,No Activity
1604,9,No Activity
1605,4,Grooming
1606,0,Grooming
1607,0,No Activity
1608,5,No Activity
1609,5,Spare_Time/TV
1610,0,Spare_Time/TV
1611,2,Spare_Time/TV
1612,0,Spare_Time/TV
1613,4,Grooming
1614,5,Grooming
1615,6,Sleeping
1616,5,Sleeping
1617,9,Toileting
1618,0,Toileting
1619,0,No Activity
1620,5,No Activity
1621,5,Breakfast
1622,1,Breakfast
1623,7,Breakfast
1624,1,Breakfast
1625,0,No Activity
1626,0,No Activity
1627,1,No Activity
1628,1,No Activity
1629,0,No Activity
1630,0,No Activity
1631,4,Grooming
1632,4,Grooming
1633,5,Grooming
1634,5,Grooming
1635,4,Grooming
1636,4,Grooming
1637,5,Grooming
1638,5,No Activity
1639,3,Sleeping
1640,3,Sleeping
1641,1,No Activity
1642,1,No Activity
1643,5,No Activity
1644,5,No Activity
1645,0,No Activity
1646,0,Snack
1647,1,Snack
1648,7,Snack
1649,1,Snack
1650,0,No Activity
1651,0,No Activity
1652,5,No Activity
1653,5,Grooming
1654,4,Grooming
1655,5,No Activity
1656,5,Spare_Time/TV
1657,0,Spare_Time/TV
1658,2,Spare_Time/TV
1659,0,Spare_Time/TV
1660,1,Spare_Time/TV
1661,1,Lunch
1662,0,Lunch
1663,0,Lunch
1664,9,Toileting
1665,0,Toileting
1666,0,Toileting
1667,1,Toileting
1668,1,No Activity
1669,0,No Activity
1670,0,No Activity
1671,1,No Activity
1672,1,No Activity
1673,0,Spare_Time/TV
1674,2,Spare_Time/TV
1675,0,Spare_Time/TV
1676,1,Spare_Time/TV
1677,1,No Activity
1678,9,Toileting
1679,0,Toileting
1680,0,Snack
1681,1,Snack
1682,1,Spare_Time/TV
1683,0,Spare_Time/TV
1684,2,Spare_Time/TV
1685,0,Spare_Time/TV
1686,1,Snack
1687,7,Snack
1688,1,Snack
1689,0,No Activity
1690,0,No Activity
1691,1,No Activity
1692,1,No Activity
1693,0,Spare_Time/TV
1694,2,Spare_Time/TV
1695,0,Spare_Time/TV
1696,3,Leaving
1697,3,Leaving
1698,9,Toileting
1699,1,No Activity
1700,1,No Activity
1701,5,No Activity
1702,5,No Activity
1703,1,No Activity
1704,1,No Activity
1705,0,Spare_Time/TV
1706,2,No Activity
1707,0,Grooming
1708,4,Grooming
1709,5,Sleeping
1710,6,Sleeping
1711,5,Sleeping
1712,0,Sleeping
1713,0,Breakfast
1714,1,Breakfast
1715,7,Breakfast
1716,7,Breakfast
1717,1,Breakfast
1718,0,No Activity
1719,0,No Activity
1720,9,No Activity
1721,0,Spare_Time/TV
1722,2,Spare_Time/TV
1723,0,Spare_Time/TV
1724,1,Snack
1725,7,Snack
1726,1,Snack
1727,0,Snack
1728,0,No Activity
1729,5,No Activity
1730,5,No Activity
1731,4,Showering
1732,4,Grooming
1733,4,Grooming
1734,5,No Activity
1735,5,No Activity
1736,4,Grooming
1737,9,Toileting
1738,5,No Activity
1739,5,No Activity
1740,0,No Activity
1741,0,No Activity
1742,1,Snack
1743,1,Snack
1744,0,No Activity
1745,0,No Activity
1746,1,No Activity
1747,1,No Activity
1748,0,Spare_Time/TV
1749,2,Spare_Time/TV
1750,0,Spare_Time/TV
1751,5,No Activity
1752,5,No Activity
1753,0,No Activity
1754,0,No Activity
1755,1,No Activity
1756,1,No Activity
1757,0,No Activity
1758,0,No Activity
1759,1,No Activity
1760,1,No Activity
1761,0,Spare_Time/TV
1762,0,Spare_Time/TV
1763,0,Spare_Time/TV
1764,0,Grooming
1765,5,Grooming
1766,5,Grooming
1767,4,Grooming
1768,0,No Activity
1769,0,Leaving
1770,3,Leaving
1771,3,Leaving
1772,0,Leaving
1773,0,Leaving
1774,5,Leaving
1775,5,Toileting
1776,9,No Activity
1777,4,Toileting
1778,0,Grooming
1779,0,Grooming
1780,9,No Activity
1781,4,No Activity
1782,0,Grooming
1783,2,Spare_Time/TV
1784,0,Snack
1785,1,Snack
1786,7,Snack
1787,1,Snack
1788,0,Snack
1789,0,No Activity
1790,1,No Activity
1791,1,No Activity
1792,0,No Activity
1793,0,No Activity
1794,1,No Activity
1795,1,No Activity
1796,0,Spare_Time/TV
1797,0,Spare_Time/TV
1798,1,Spare_Time/TV
1799,1,Spare_Time/TV
1800,0,Spare_Time/TV
1801,0,No Activity
1802,5,No Activity
1803,5,No Activity
1804,0,No Activity
1805,0,No Activity
1806,5,No Activity
1807,5,No Activity
1808,0,No Activity
1809,0,Toileting
1810,9,No Activity
1811,5,Toileting
1812,5,Spare_Time/TV
1813,0,Spare_Time/TV
1814,0,Dinner
1815,1,Dinner
1816,7,Dinner
1817,7,Dinner
1818,1,Spare_Time/TV
1819,0,Spare_Time/TV
1820,0,Snack
1821,1,Snack
1822,7,Snack
1823,1,No Activity
1824,0,No Activity
1825,2,Spare_Time/TV
1826,0,No Activity
1827,4,No Activity
1828,0,Spare_Time/TV
1829,2,Spare_Time/TV
1830,0,Spare_Time/TV
1831,5,Sleeping
1832,6,Sleeping
1833,5,Sleeping
1834,9,No Activity
1835,4,No Activity
1836,0,No Activity
1837,0,No Activity
1838,1,No Activity
1839,1,No Activity
1840,9,No Activity
1841,4,Grooming
1842,9,Toileting
1843,5,No Activity
1844,5,No Activity
1845,1,Breakfast
1846,7,Breakfast
1847,7,Breakfast
1848,1,Breakfast
1849,5,No Activity
1850,5,No Activity
1851,0,Spare_Time/TV
1852,2,Spare_Time/TV
1853,0,Spare_Time/TV
1854,5,No Activity
1855,5,No Activity
1856,3,Leaving
1857,3,Leaving
1858,9,Toileting
1859,5,Toileting
1860,5,No Activity
1861,0,No Activity
1862,0,No Activity
1863,1,No Activity
1864,1,No Activity
1865,0,Spare_Time/TV
1866,2,Spare_Time/TV
1867,0,Spare_Time/TV
1868,1,Spare_Time/TV
1869,1,No Activity
1870,0,No Activity
1871,0,No Activity
1872,1,Lunch
1873,7,Lunch
1874,7,Lunch
1875,1,Lunch
1876,0,Lunch
1877,0,Lunch
1878,1,Lunch
1879,1,Lunch
1880,0,No Activity
1881,0,Snack
1882,1,Snack
1883,7,Snack
1884,1,Snack
1885,0,No Activity
1886,0,No Activity
1887,5,No Activity
1888,5,No Activity
1889,0,No Activity
1890,0,Leaving
1891,3,Leaving
1892,3,Leaving
1893,0,Leaving
1894,0,No Activity
1895,9,Toileting
1896,0,Spare_Time/TV
1897,2,Spare_Time/TV
1898,0,Spare_Time/TV
1899,1,Spare_Time/TV
1900,1,No Activity
1901,0,No Activity
1902,0,No Activity
1903,1,No Activity
1904,1,Dinner
1905,0,Dinner
1906,0,Dinner
1907,1,Dinner
1908,7,Dinner
1909,1,Dinner
1910,0,Dinner
1911,2,Spare_Time/TV
1912,0,Spare_Time/TV
1913,1,Spare_Time/TV
1914,1,No Activity
1915,0,No Activity
1916,0,No Activity
1917,1,No Activity
1918,1,No Activity
1919,0,No Activity
1920,2,Spare_Time/TV
1921,0,No Activity
1922,5,No Activity
1923,5,No Activity
1924,0,No Activity
1925,2,No Activity
1926,0,No Activity
1927,1,No Activity
1928,1,No Activity
1929,9,No Activity
1930,5,Toileting
1931,6,Sleeping
1932,5,Sleeping
1933,9,No Activity
1934,5,Toileting
1935,6,Sleeping
1936,5,Sleeping
1937,9,Toileting
1938,0,No Activity
1939,0,Breakfast
1940,1,Breakfast
1941,7,Breakfast
1942,7,Breakfast
1943,1,Breakfast
1944,5,No Activity
1945,5,No Activity
1946,1,No Activity
1947,1,No Activity
1948,5,No Activity
1949,5,No Activity
1950,4,Showering
1951,4,Grooming
1952,5,No Activity
1953,5,No Activity
1954,4,No Activity
1955,9,Toileting
1956,5,No Activity
1957,5,No Activity
1958,3,Leaving
1959,3,Leaving
1960,1,Leaving
1961,7,No Activity
1962,1,No Activity
1963,0,No Activity
1964,0,No Activity
1965,1,No Activity
1966,1,Spare_Time/TV
1967,0,Spare_Time/TV
1968,2,Spare_Time/TV
1969,0,Spare_Time/TV
1970,1,Spare_Time/TV
1971,1,Spare_Time/TV
1972,0,Spare_Time/TV
1973,2,Spare_Time/TV
1974,0,Spare_Time/TV
1975,3,Leaving
1976,3,Leaving
1977,9,Toileting
1978,0,No Activity
1979,0,No Activity
1980,1,Spare_Time/TV
1981,1,Spare_Time/TV
1982,0,Spare_Time/TV
1983,2,No Activity
1984,0,Spare_Time/TV
1985,1,No Activity
1986,1,No Activity
1987,0,No Activity
1988,0,No Activity
1989,1,No Activity
1990,1,No Activity
1991,5,No Activity
1992,5,No Activity
1993,0,No Activity
1994,0,No Activity
1995,3,No Activity
1996,3,No Activity
1997,1,No Activity
1998,1,No Activity
1999,0,No Activity
2000,0,No Activity
2001,5,No Activity
2002,5,No Activity
2003,4,Grooming
2004,9,No Activity
2005,4,Grooming
2006,5,Grooming
2007,6,Sleeping
2008,5,Sleeping
2009,9,Toileting
2010,0,Toileting
2011,0,Breakfast
2012,1,Breakfast
2013,7,Breakfast
2014,7,Breakfast
2015,1,Breakfast
2016,0,No Activity
2017,0,No Activity
2018,5,No Activity
2019,5,No Activity
2020,1,No Activity
2021,1,No Activity
2022,5,No Activity
2023,5,Spare_Time/TV
2024,0,Spare_Time/TV
2025,2,Spare_Time/TV
2026,0,Spare_Time/TV
2027,1,Spare_Time/TV
2028,1,No Activity
2029,0,No Activity
2030,0,No Activity
2031,4,Grooming
2032,1,Grooming
2033,7,Snack
2034,1,Snack
2035,5,Snack
2036,5,Spare_Time/TV
2037,0,Spare_Time/TV
2038,2,Spare_Time/TV
2039,0,Spare_Time/TV
2040,1,Spare_Time/TV
2041,1,No Activity
2042,9,No Activity
2043,0,Spare_Time/TV
2044,2,Spare_Time/TV
2045,0,Spare_Time/TV
2046,1,Spare_Time/TV
2047,1,No Activity
2048,0,No Activity
2049,0,No Activity
2050,5,No Activity
2051,5,No Activity
2052,0,No Activity
2053,0,No Activity
2054,4,Grooming
2055,4,Showering
2056,4,Grooming
2057,0,No Activity
2058,0,No Activity
2059,5,No Activity
2060,5,No Activity
2061,0,Spare_Time/TV
2062,2,Spare_Time/TV
2063,0,Spare_Time/TV
2064,5,No Activity
2065,5,No Activity
2066,0,No Activity
2067,0,No Activity
2068,3,Leaving
2069,3,Leaving
2070,1,No Activity
2071,1,No Activity
2072,0,Spare_Time/TV
2073,2,Spare_Time/TV
2074,0,Spare_Time/TV
2075,5,No Activity
2076,5,No Activity
2077,1,No Activity
2078,1,No Activity
2079,0,No Activity
2080,0,No Activity
2081,1,No Activity
2082,1,Spare_Time/TV
2083,0,Spare_Time/TV
2084,0,Spare_Time/TV
2085,0,Spare_Time/TV
2086,0,Spare_Time/TV
2087,1,Snack
2088,7,Snack
2089,1,Snack
2090,0,Spare_Time/TV
2091,2,Spare_Time/TV
2092,0,Spare_Time/TV
2093,1,No Activity
2094,1,No Activity
2095,0,No Activity
2096,0,Grooming
2097,4,Grooming
2098,9,Toileting
2099,4,Grooming
2100,0,No Activity
2101,0,No Activity
2102,3,No Activity
2103,3,No Activity
2104,0,No Activity
2105,0,No Activity
2106,5,No Activity
2107,5,Grooming
2108,4,Grooming
2109,5,No Activity
2110,5,No Activity
2111,9,Toileting
2112,0,Toileting
2113,0,Toileting
2114,5,Toileting
2115,6,Sleeping
2116,5,Sleeping
2117,9,Toileting
2118,5,Toileting
2119,5,No Activity
2120,0,No Activity
2121,0,Breakfast
2122,1,Breakfast
2123,7,Breakfast
2124,7,Breakfast
2125,1,Breakfast
2126,0,Breakfast
2127,0,Breakfast
2128,1,Breakfast
2129,7,Breakfast
2130,1,Grooming
2131,4,Grooming
2132,5,No Activity
2133,5,No Activity
2134,4,Grooming
2135,9,Toileting
2136,4,Grooming
2137,5,No Activity
2138,5,No Activity
2139,1,No Activity
2140,1,No Activity
2141,0,Spare_Time/TV
2142,2,Spare_Time/TV
2143,0,Spare_Time/TV
2144,5,No Activity
2145,5,No Activity
2146,1,No Activity
2147,1,No Activity
2148,0,Spare_Time/TV
2149,2,Spare_Time/TV
2150,0,Spare_Time/TV
2151,3,Leaving
2152,3,Leaving
2153,1,Snack
2154,7,Snack
2155,1,Snack
2156,1,No Activity
2157,1,No Activity
2158,1,No Activity
2159,1,No Activity
2160,0,No Activity
2161,0,No Activity
2162,1,No Activity
2163,1,Spare_Time/TV
2164,0,Spare_Time/TV
2165,2,Spare_Time/TV
2166,0,Spare_Time/TV
2167,1,Snack
2168,7,Snack
2169,1,Snack
2170,0,Snack
2171,0,No Activity
2172,0,Spare_Time/TV
2173,2,Spare_Time/TV
2174,0,Spare_Time/TV
2175,9,No Activity
2176,4,Toileting
2177,0,Toileting
2178,0,Grooming
2179,9,No Activity
2180,4,No Activity
2181,3,Leaving
2182,3,Leaving
2183,0,Leaving
2184,2,Spare_Time/TV
2185,0,Spare_Time/TV
2186,9,Toileting
2187,0,Spare_Time/TV
2188,2,Spare_Time/TV
2189,0,Spare_Time/TV
2190,1,Snack
2191,7,Snack
2192,1,Snack
2193,5,No Activity
2194,5,No Activity
2195,0,No Activity
2196,0,No Activity
2197,5,No Activity
2198,5,No Activity
2199,3,Leaving
2200,3,Leaving
2201,1,Dinner
2202,7,Dinner
2203,7,Dinner
2204,1,Dinner
2205,0,Dinner
2206,0,Dinner
2207,5,Dinner
2208,5,Dinner
2209,0,Spare_Time/TV
2210,2,Spare_Time/TV
2211,0,Spare_Time/TV
2212,1,Spare_Time/TV
2213,1,Spare_Time/TV
2214,0,No Activity
2215,0,No Activity
2216,1,No Activity
2217,1,No Activity
2218,0,No Activity
2219,0,No Activity
2220,5,No Activity
2221,5,No Activity
2222,9,No Activity
2223,0,Toileting
2224,0,Toileting
2225,4,No Activity
2226,5,Grooming
2227,5,No Activity
2228,0,No Activity
2229,0,No Activity
2230,4,Grooming
2231,5,Sleeping
2232,6,No Activity
2233,5,Grooming
2234,4,No Activity
2235,5,Sleeping
2236,6,Sleeping
2237,5,Sleeping
2238,0,No Activity
2239,0,Breakfast
2240,1,Breakfast
2241,7,Breakfast
2242,7,Breakfast
2243,7,Breakfast
2244,1,Breakfast
2245,5,Breakfast
2246,5,No Activity
2247,9,Toileting
2248,1,Toileting
2249,1,Toileting
2250,0,Toileting
2251,0,Toileting
2252,5,No Activity
2253,5,No Activity
2254,4,Grooming
2255,0,Grooming
2256,0,Grooming
2257,4,Grooming
2258,5,No Activity
2259,5,No Activity
2260,4,Grooming
2261,0,No Activity
2262,0,No Activity
2263,4,Grooming
2264,9,Toileting
2265,5,No Activity
2266,5,No Activity
2267,3,Leaving
2268,3,Leaving
2269,0,No Activity
2270,0,No Activity
2271,5,No Activity
2272,5,No Activity
2273,1,No Activity
2274,1,No Activity
2275,0,No Activity
2276,0,No Activity
2277,1,No Activity
2278,7,No Activity
2279,1,No Activity
2280,0,No Activity
2281,0,No Activity
2282,5,No Activity
2283,5,No Activity
2284,0,Spare_Time/TV
2285,0,Spare_Time/TV
2286,1,Spare_Time/TV
2287,1,No Activity
2288,0,Spare_Time/TV
2289,2,Spare_Time/TV
2290,0,Spare_Time/TV
2291,1,Spare_Time/TV
2292,1,No Activity
2293,0,No Activity
2294,0,No Activity
2295,1,No Activity
2296,1,No Activity
2297,0,No Activity
2298,0,No Activity
2299,1,No Activity
2300,1,No Activity
2301,0,No Activity
2302,0,No Activity
2303,9,No Activity
2304,4,Grooming
2305,0,Toileting
2306,0,Toileting
2307,1,Toileting
2308,1,Toileting
2309,0,Spare_Time/TV
2310,2,Spare_Time/TV
2311,0,Spare_Time/TV
2312,1,Snack
2313,7,Snack
2314,1,Snack
2315,0,No Activity
2316,0,No Activity
2317,1,No Activity
2318,1,No Activity
2319,0,No Activity
2320,0,No Activity
2321,0,Spare_Time/TV
2322,2,Spare_Time/TV
2323,0,Spare_Time/TV
2324,0,Spare_Time/TV
2325,2,Spare_Time/TV
2326,0,Spare_Time/TV
2327,9,No Activity
2328,4,Grooming
2329,5,Grooming
2330,5,Grooming
2331,0,Grooming
2332,2,Spare_Time/TV
2333,0,Spare_Time/TV
2334,1,No Activity
2335,1,No Activity
2336,0,No Activity
2337,0,No Activity
2338,1,No Activity
2339,1,No Activity
2340,0,No Activity
2341,0,No Activity
2342,1,No Activity
2343,1,No Activity
2344,0,No Activity
2345,0,No Activity
2346,1,No Activity
2347,1,No Activity
2348,0,No Activity
2349,0,No Activity
2350,1,Dinner
2351,7,Dinner
2352,1,Dinner
2353,0,Dinner
2354,0,Dinner
2355,5,Dinner
2356,5,No Activity
2357,0,No Activity
2358,0,No Activity
2359,1,No Activity
2360,1,No Activity
2361,0,No Activity
2362,0,No Activity
2363,5,No Activity
2364,5,Spare_Time/TV
2365,0,Spare_Time/TV
2366,0,Spare_Time/TV
2367,0,Spare_Time/TV
2368,0,Spare_Time/TV
2369,9,No Activity
2370,5,Toileting
2371,6,No Activity
2372,5,Sleeping
2373,5,Sleeping
2374,6,Sleeping
2375,5,Sleeping
2376,9,Toileting
2377,0,Toileting
2378,0,Toileting
2379,4,Toileting
2380,0,Toileting
2381,0,No Activity
2382,1,No Activity
2383,1,No Activity
2384,5,No Activity
2385,5,No Activity
2386,0,No Activity
2387,0,Breakfast
2388,1,Breakfast
2389,7,Breakfast
2390,7,Breakfast
2391,7,Breakfast
2392,7,Breakfast
2393,10,Breakfast
2394,1,Breakfast
2395,0,Breakfast
2396,0,Breakfast
2397,5,Breakfast
2398,5,Breakfast
2399,1,Breakfast
2400,7,Breakfast
2401,1,Breakfast
2402,0,Breakfast
2403,0,Breakfast
2404,4,Grooming
2405,4,Showering
2406,4,Grooming
2407,0,Spare_Time/TV
2408,2,No Activity
2409,0,Grooming
2410,4,Grooming
2411,5,No Activity
2412,5,No Activity
2413,0,No Activity
2414,0,No Activity
2415,1,No Activity
2416,1,No Activity
2417,0,No Activity
2418,0,No Activity
2419,9,No Activity
2420,4,Toileting
2421,0,Grooming
2422,2,Spare_Time/TV
2423,0,Spare_Time/TV
2424,1,Spare_Time/TV
2425,1,No Activity
2426,0,No Activity
2427,0,Lunch
2428,1,Lunch
2429,1,Lunch
2430,0,Lunch
2431,0,Lunch
2432,1,Lunch
2433,7,Lunch
2434,7,Lunch
2435,1,Lunch
2436,0,Lunch
2437,0,Lunch
2438,1,Lunch
2439,1,Lunch
2440,0,Lunch
2441,2,Spare_Time/TV
2442,0,Snack
2443,1,Snack
2444,7,Snack
2445,1,Snack
2446,9,Toileting
2447,1,No Activity
2448,1,Spare_Time/TV
2449,0,Spare_Time/TV
2450,2,Spare_Time/TV
2451,0,Spare_Time/TV
2452,1,Spare_Time/TV
2453,1,Spare_Time/TV
2454,0,Spare_Time/TV
2455,2,Spare_Time/TV
2456,0,Spare_Time/TV
2457,1,Spare_Time/TV
2458,7,Spare_Time/TV
2459,1,Dinner
2460,0,Dinner
2461,0,No Activity
2462,1,No Activity
2463,1,No Activity
2464,0,No Activity
2465,0,No Activity
2466,1,No Activity
2467,1,No Activity
2468,0,No Activity
2469,0,No Activity
2470,1,No Activity
2471,1,No Activity
2472,0,No Activity
2473,2,No Activity
2474,0,No Activity
2475,1,No Activity
2476,1,No Activity
2477,5,No Activity
2478,5,Grooming
2479,4,Grooming
2480,5,No Activity
2481,5,No Activity
2482,9,No Activity
2483,4,Grooming
2484,0,No Activity
2485,0,No Activity
2486,5,Sleeping
2487,6,Sleeping
2488,5,Sleeping
2489,9,Toileting
2490,5,Toileting
2491,5,Toileting
2492,0,No Activity
2493,0,Breakfast
2494,1,Breakfast
2495,1,Breakfast
2496,0,No Activity
2497,0,No Activity
2498,5,No Activity
2499,5,No Activity
2500,0,No Activity
2501,0,No Activity
2502,5,No Activity
2503,5,No Activity
2504,0,No Activity
2505,0,No Activity
2506,5,No Activity
2507,5,No Activity
2508,0,No Activity
2509,0,No Activity
2510,5,No Activity
2511,5,No Activity
2512,4,Grooming
2513,4,Showering
2514,4,Grooming
2515,5,No Activity
2516,5,No Activity
2517,0,No Activity
2518,0,No Activity
2519,4,Grooming
2520,0,Grooming
2521,0,No Activity
2522,5,No Activity
2523,5,No Activity
2524,0,No Activity
2525,0,No Activity
2526,1,No Activity
2527,1,No Activity
2528,0,No Activity
2529,0,Snack
2530,1,Snack
2531,7,Snack
2532,1,Snack
2533,1,No Activity
2534,1,No Activity
2535,0,No Activity
2536,0,No Activity
2537,1,No Activity
2538,1,No Activity
2539,3,Leaving
2540,3,Leaving
2541,5,No Activity
2542,5,No Activity
2543,9,Toileting
2544,0,Toileting
2545,0,Toileting
2546,1,No Activity
2547,1,No Activity
2548,1,Lunch
2549,7,No Activity
2550,1,Lunch
2551,0,No Activity
2552,0,No Activity
2553,1,No Activity
2554,1,No Activity
2555,0,No Activity
2556,0,No Activity
2557,1,No Activity
2558,1,No Activity
2559,0,No Activity
2560,0,No Activity
2561,1,No Activity
2562,1,No Activity
2563,0,No Activity
2564,0,No Activity
2565,1,No Activity
2566,1,No Activity
2567,0,No Activity
2568,0,No Activity
2569,1,No Activity
2570,1,No Activity
2571,0,No Activity
2572,0,No Activity
2573,1,No Activity
2574,1,No Activity
2575,0,No Activity
2576,0,No Activity
2577,1,No Activity
2578,1,No Activity
2579,0,No Activity
2580,0,No Activity
2581,1,Snack
2582,7,Snack
2583,1,Snack
2584,0,No Activity
2585,0,No Activity
2586,1,No Activity
2587,1,No Activity
2588,0,No Activity
2589,0,Snack
2590,1,Snack
2591,7,Snack
2592,1,Snack
2593,0,No Activity
2594,0,No Activity
2595,9,Toileting
2596,0,Toileting
2597,2,Spare_Time/TV
2598,0,Spare_Time/TV
2599,0,No Activity
2600,0,No Activity
2601,5,No Activity
2602,5,No Activity
2603,0,No Activity
2604,0,No Activity
2605,4,Grooming
2606,1,No Activity
2607,1,No Activity
2608,0,No Activity
2609,0,No Activity
2610,5,No Activity
2611,5,No Activity
2612,1,No Activity
2613,1,No Activity
2614,0,No Activity
2615,0,No Activity
2616,3,No Activity
2617,3,No Activity
2618,1,No Activity
2619,1,No Activity
2620,5,No Activity
2621,5,No Activity
2622,4,Grooming
2623,5,No Activity
2624,5,No Activity
2625,9,Toileting
2626,0,Toileting
2627,0,Sleeping
2628,5,Sleeping
2629,6,Sleeping
2630,5,Sleeping
2631,9,No Activity
2632,5,Toileting
2633,6,No Activity
2634,5,Sleeping
2635,9,Toileting
2636,0,No Activity
2637,0,No Activity
2638,5,No Activity
2639,5,Breakfast
2640,1,Breakfast
2641,7,Breakfast
2642,1,Breakfast
2643,5,No Activity
2644,5,No Activity
2645,1,No Activity
2646,1,No Activity
2647,1,No Activity
2648,1,No Activity
2649,0,No Activity
2650,0,No Activity
2651,5,No Activity
2652,5,No Activity
2653,9,Toileting
2654,4,Grooming
2655,5,No Activity
2656,5,No Activity
2657,4,Grooming
2658,0,No Activity
2659,0,No Activity
2660,1,No Activity
2661,1,No Activity
2662,0,No Activity
2663,0,No Activity
2664,1,No Activity
2665,1,No Activity
2666,0,No Activity
2667,0,Snack
2668,1,Snack
2669,7,Snack
2670,1,Snack
2671,0,No Activity
2672,0,No Activity
2673,1,No Activity
2674,1,No Activity
2675,3,Leaving
2676,3,Leaving
2677,1,No Activity
2678,1,No Activity
2679,0,No Activity
2680,0,No Activity
2681,1,No Activity
2682,1,No Activity
2683,0,No Activity
2684,0,No Activity
2685,1,No Activity
2686,1,No Activity
2687,0,No Activity
2688,0,No Activity
2689,1,No Activity
2690,1,No Activity
2691,0,No Activity
2692,0,No Activity
2693,1,No Activity
2694,1,No Activity
2695,0,No Activity
2696,0,Lunch
2697,1,Lunch
2698,7,Lunch
2699,1,Lunch
2700,0,Lunch
2701,0,Lunch
2702,1,Lunch
2703,7,Lunch
2704,1,Lunch
2705,0,No Activity
2706,0,No Activity
2707,1,Snack
2708,7,Snack
2709,1,Snack
2710,0,No Activity
2711,0,No Activity
2712,1,No Activity
2713,1,Spare_Time/TV
2714,0,Spare_Time/TV
2715,2,Spare_Time/TV
2716,0,Spare_Time/TV
2717,9,Toileting
2718,0,Toileting
2719,0,No Activity
2720,1,No Activity
2721,1,No Activity
2722,1,No Activity
2723,1,No Activity
2724,9,Toileting
2725,1,Toileting
2726,1,No Activity
2727,0,Spare_Time/TV
2728,2,Spare_Time/TV
2729,0,Spare_Time/TV
2730,1,No Activity
2731,1,Spare_Time/TV
2732,0,Spare_Time/TV
2733,0,Spare_Time/TV
2734,5,No Activity
2735,5,Grooming
2736,4,Grooming
2737,5,No Activity
2738,5,No Activity
2739,0,No Activity
2740,0,No Activity
2741,0,No Activity
2742,2,Spare_Time/TV
