Location,Type,Place,Duration,Hour of Day,Day of Week,Person
Bed,Pressure,Bedroom,7:50:12,2,Monday,Person A
Cabinet,Magnetic,Bathroom,0:00:07,10,Monday,Person A
Basin,PIR,Bathroom,0:01:47,10,Monday,Person A
Toilet,Flush,Bathroom,0:00:34,10,Monday,Person A
Shower,PIR,Bathroom,0:06:22,10,Monday,Person A
Fridge,Magnetic,Kitchen,0:00:18,10,Monday,Person A
Cupboard,Magnetic,Kitchen,0:02:33,10,Monday,Person A
Toaster,Electric,Kitchen,0:04:41,10,Monday,Person A
Fridge,Magnetic,Kitchen,0:00:07,10,Monday,Person A
Cupboard,Magnetic,Kitchen,0:00:07,10,Monday,Person A
Cooktop,PIR,Kitchen,0:00:16,10,Monday,Person A
Microwave,Electric,Kitchen,0:00:56,10,Monday,Person A
Basin,PIR,Bathroom,0:01:25,10,Monday,Person A
Seat,Pressure,Living,2:13:26,10,Monday,Person A
Basin,PIR,Bathroom,0:00:02,13,Monday,Person A
Toilet,Flush,Bathroom,0:00:24,13,Monday,Person A
Maindoor,Magnetic,Entrance,0:00:04,13,Monday,Person A
Maindoor,Magnetic,Entrance,0:00:10,13,Monday,Person A
Seat,Pressure,Living,0:43:00,13,Monday,Person A
Toilet,Flush,Bathroom,0:00:29,14,Monday,Person A
Fridge,Magnetic,Kitchen,0:01:35,14,Monday,Person A
Cupboard,Magnetic,Kitchen,0:00:07,14,Monday,Person A
Cooktop,PIR,Kitchen,0:10:48,14,Monday,Person A
Cupboard,Magnetic,Kitchen,0:00:12,14,Monday,Person A
Fridge,Magnetic,Kitchen,0:00:05,14,Monday,Person A
Basin,PIR,Bathroom,0:01:30,15,Monday,Person A
Seat,Pressure,Living,1:02:56,15,Monday,Person A
Basin,PIR,Bathroom,0:00:00,16,Monday,Person A
Seat,Pressure,Living,4:08:49,16,Monday,Person A
Fridge,Magnetic,Kitchen,0:00:04,20,Monday,Person A
Basin,PIR,Bathroom,0:10:51,11,Tuesday,Person A
Cabinet,Magnetic,Bathroom,0:00:21,11,Tuesday,Person A
Cabinet,Magnetic,Bathroom,0:00:02,11,Tuesday,Person A
Shower,PIR,Bathroom,0:01:16,11,Tuesday,Person A
Cupboard,Magnetic,Kitchen,0:00:53,12,Tuesday,Person A
Toaster,Electric,Kitchen,0:03:53,12,Tuesday,Person A
Fridge,Magnetic,Kitchen,0:00:13,12,Tuesday,Person A
Microwave,Electric,Kitchen,0:00:55,12,Tuesday,Person A
Cabinet,Magnetic,Bathroom,0:00:03,12,Tuesday,Person A
Basin,PIR,Bathroom,0:01:47,12,Tuesday,Person A
Toilet,Flush,Bathroom,0:00:02,12,Tuesday,Person A
Fridge,Magnetic,Kitchen,0:00:03,13,Tuesday,Person A
Seat,Pressure,Living,1:46:48,13,Tuesday,Person A
Toilet,Flush,Bathroom,0:00:29,15,Tuesday,Person A
Basin,PIR,Bathroom,0:00:02,15,Tuesday,Person A
Cupboard,Magnetic,Kitchen,0:00:36,15,Tuesday,Person A
Cooktop,PIR,Kitchen,0:21:12,15,Tuesday,Person A
Microwave,Electric,Kitchen,0:07:40,15,Tuesday,Person A
Cupboard,Magnetic,Kitchen,0:01:12,15,Tuesday,Person A
Fridge,Magnetic,Kitchen,0:00:28,15,Tuesday,Person A
Cupboard,Magnetic,Kitchen,0:00:06,15,Tuesday,Person A
Fridge,Magnetic,Kitchen,0:00:05,15,Tuesday,Person A
Basin,PIR,Bathroom,0:01:03,15,Tuesday,Person A
Seat,Pressure,Living,0:25:54,15,Tuesday,Person A
Toilet,Flush,Bathroom,0:00:11,16,Tuesday,Person A
Seat,Pressure,Living,0:33:50,16,Tuesday,Person A
Basin,PIR,Bathroom,0:00:02,17,Tuesday,Person A
Toilet,Flush,Bathroom,0:00:25,17,Tuesday,Person A
Maindoor,Magnetic,Entrance,0:00:06,19,Tuesday,Person A
Maindoor,Magnetic,Entrance,0:00:06,20,Tuesday,Person A
Seat,Pressure,Living,4:51:39,20,Tuesday,Person A
Bed,Pressure,Bedroom,8:44:58,1,Wednesday,Person A
Shower,PIR,Bathroom,0:03:48,10,Wednesday,Person A
Cupboard,Magnetic,Kitchen,0:00:15,10,Wednesday,Person A
Fridge,Magnetic,Kitchen,0:00:15,10,Wednesday,Person A
Microwave,Electric,Kitchen,0:04:52,10,Wednesday,Person A
Toaster,Electric,Kitchen,0:03:48,10,Wednesday,Person A
Basin,PIR,Bathroom,0:01:43,10,Wednesday,Person A
Cabinet,Magnetic,Bathroom,0:00:03,10,Wednesday,Person A
Fridge,Magnetic,Kitchen,0:00:04,13,Wednesday,Person A
Seat,Pressure,Living,1:03:56,13,Wednesday,Person A
Toilet,Flush,Bathroom,0:00:32,14,Wednesday,Person A
Basin,PIR,Bathroom,0:00:02,14,Wednesday,Person A
Seat,Pressure,Living,0:20:24,14,Wednesday,Person A
Cooktop,PIR,Kitchen,0:15:42,14,Wednesday,Person A
Cupboard,Magnetic,Kitchen,0:00:10,14,Wednesday,Person A
Fridge,Magnetic,Kitchen,0:00:15,14,Wednesday,Person A
Fridge,Magnetic,Kitchen,0:00:04,14,Wednesday,Person A
Fridge,Magnetic,Kitchen,0:00:14,14,Wednesday,Person A
Seat,Pressure,Living,1:27:23,15,Wednesday,Person A
Basin,PIR,Bathroom,0:00:05,16,Wednesday,Person A
Fridge,Magnetic,Kitchen,0:00:04,16,Wednesday,Person A
Seat,Pressure,Living,1:19:23,16,Wednesday,Person A
Basin,PIR,Bathroom,0:00:03,18,Wednesday,Person A
Seat,Pressure,Living,0:41:26,18,Wednesday,Person A
Toilet,Flush,Bathroom,0:00:26,18,Wednesday,Person A
Seat,Pressure,Living,0:39:31,18,Wednesday,Person A
Toilet,Flush,Bathroom,0:00:25,19,Wednesday,Person A
Basin,PIR,Bathroom,0:00:06,19,Wednesday,Person A
Maindoor,Magnetic,Entrance,0:00:05,19,Wednesday,Person A
Maindoor,Magnetic,Entrance,0:00:05,20,Wednesday,Person A
Basin,PIR,Bathroom,0:00:09,20,Wednesday,Person A
Seat,Pressure,Living,5:20:24,20,Wednesday,Person A
Bed,Pressure,Bedroom,9:12:53,1,Thursday,Person A
Toilet,Flush,Bathroom,0:00:29,10,Thursday,Person A
Cabinet,Magnetic,Bathroom,0:00:05,10,Thursday,Person A
Basin,PIR,Bathroom,0:00:09,10,Thursday,Person A
Shower,PIR,Bathroom,0:13:45,10,Thursday,Person A
Toaster,Electric,Kitchen,0:02:44,11,Thursday,Person A
Cupboard,Magnetic,Kitchen,0:00:12,11,Thursday,Person A
Fridge,Magnetic,Kitchen,0:00:14,11,Thursday,Person A
Microwave,Electric,Kitchen,0:01:54,11,Thursday,Person A
Seat,Pressure,Living,2:58:56,11,Thursday,Person A
Basin,PIR,Bathroom,0:00:03,14,Thursday,Person A
Cooktop,PIR,Kitchen,0:22:25,14,Thursday,Person A
Microwave,Electric,Kitchen,0:06:50,14,Thursday,Person A
Fridge,Magnetic,Kitchen,0:00:29,14,Thursday,Person A
Fridge,Magnetic,Kitchen,0:00:04,14,Thursday,Person A
Seat,Pressure,Living,1:17:17,15,Thursday,Person A
Toilet,Flush,Bathroom,0:00:29,16,Thursday,Person A
Maindoor,Magnetic,Entrance,0:00:29,17,Thursday,Person A
Maindoor,Magnetic,Entrance,0:00:05,18,Thursday,Person A
Seat,Pressure,Living,0:15:31,18,Thursday,Person A
Basin,PIR,Bathroom,0:00:28,23,Thursday,Person A
Seat,Pressure,Living,1:24:00,23,Thursday,Person A
Basin,PIR,Bathroom,0:00:13,1,Friday,Person A
Seat,Pressure,Living,0:49:08,1,Friday,Person A
Basin,PIR,Bathroom,0:04:23,2,Friday,Person A
Bed,Pressure,Bedroom,9:59:24,2,Friday,Person A
Shower,PIR,Bathroom,0:04:21,12,Friday,Person A
Seat,Pressure,Living,2:08:42,12,Friday,Person A
Cooktop,PIR,Kitchen,0:17:48,14,Friday,Person A
Microwave,Electric,Kitchen,0:02:57,14,Friday,Person A
Fridge,Magnetic,Kitchen,0:00:05,14,Friday,Person A
Fridge,Magnetic,Kitchen,0:00:04,14,Friday,Person A
Seat,Pressure,Living,0:31:07,15,Friday,Person A
Basin,PIR,Bathroom,0:01:53,15,Friday,Person A
Seat,Pressure,Living,2:51:29,16,Friday,Person A
Fridge,Magnetic,Kitchen,0:00:06,19,Friday,Person A
Seat,Pressure,Living,1:44:55,19,Friday,Person A
Seat,Pressure,Living,3:54:37,21,Friday,Person A
Bed,Pressure,Bedroom,10:09:18,1,Saturday,Person A
Cabinet,Magnetic,Bathroom,0:00:03,11,Saturday,Person A
Basin,PIR,Bathroom,0:01:52,11,Saturday,Person A
Shower,PIR,Bathroom,0:02:50,12,Saturday,Person A
Toaster,Electric,Kitchen,0:03:16,12,Saturday,Person A
Cupboard,Magnetic,Kitchen,0:00:09,12,Saturday,Person A
Fridge,Magnetic,Kitchen,0:00:21,12,Saturday,Person A
Microwave,Electric,Kitchen,0:02:22,12,Saturday,Person A
Seat,Pressure,Living,1:07:06,12,Saturday,Person A
Basin,PIR,Bathroom,0:00:10,13,Saturday,Person A
Seat,Pressure,Living,0:31:32,13,Saturday,Person A
Basin,PIR,Bathroom,0:03:33,14,Saturday,Person A
Maindoor,Magnetic,Entrance,0:00:12,14,Saturday,Person A
Maindoor,Magnetic,Entrance,0:00:04,17,Saturday,Person A
Seat,Pressure,Living,2:47:27,17,Saturday,Person A
Maindoor,Magnetic,Entrance,0:00:18,20,Saturday,Person A
Seat,Pressure,Living,3:15:09,20,Saturday,Person A
Seat,Pressure,Living,3:20:55,23,Saturday,Person A
Bed,Pressure,Bedroom,9:18:32,3,Sunday,Person A
Cabinet,Magnetic,Bathroom,0:00:04,12,Sunday,Person A
Basin,PIR,Bathroom,0:01:08,12,Sunday,Person A
Shower,PIR,Bathroom,0:03:59,12,Sunday,Person A
Fridge,Magnetic,Kitchen,0:00:12,12,Sunday,Person A
Cupboard,Magnetic,Kitchen,0:00:12,12,Sunday,Person A
Microwave,Electric,Kitchen,0:02:05,12,Sunday,Person A
Toaster,Electric,Kitchen,0:01:50,12,Sunday,Person A
Seat,Pressure,Living,0:57:17,13,Sunday,Person A
Maindoor,Magnetic,Entrance,0:00:04,14,Sunday,Person A
Maindoor,Magnetic,Entrance,0:00:04,16,Sunday,Person A
Seat,Pressure,Living,0:51:39,16,Sunday,Person A
Fridge,Magnetic,Kitchen,0:00:05,17,Sunday,Person A
Seat,Pressure,Living,0:16:40,17,Sunday,Person A
Basin,PIR,Bathroom,0:00:04,17,Sunday,Person A
Seat,Pressure,Living,0:49:24,18,Sunday,Person A
Toilet,Flush,Bathroom,0:00:27,18,Sunday,Person A
Basin,PIR,Bathroom,0:00:03,18,Sunday,Person A
Fridge,Magnetic,Kitchen,0:00:06,18,Sunday,Person A
Seat,Pressure,Living,3:20:55,19,Sunday,Person A
Toilet,Flush,Bathroom,0:00:28,22,Sunday,Person A
Basin,PIR,Bathroom,0:00:12,22,Sunday,Person A
Seat,Pressure,Living,3:05:50,22,Sunday,Person A
Basin,PIR,Bathroom,0:00:05,1,Monday,Person A
Bed,Pressure,Bedroom,10:13:45,1,Monday,Person A
Toilet,Flush,Bathroom,0:00:30,11,Monday,Person A
Basin,PIR,Bathroom,0:00:08,11,Monday,Person A
Shower,PIR,Bathroom,0:07:33,12,Monday,Person A
Cupboard,Magnetic,Kitchen,0:00:06,12,Monday,Person A
Fridge,Magnetic,Kitchen,0:00:31,12,Monday,Person A
Toaster,Electric,Kitchen,0:01:56,12,Monday,Person A
Microwave,Electric,Kitchen,0:02:03,12,Monday,Person A
Fridge,Magnetic,Kitchen,0:00:04,12,Monday,Person A
Basin,PIR,Bathroom,0:00:06,14,Monday,Person A
Maindoor,Magnetic,Entrance,0:00:25,14,Monday,Person A
Maindoor,Magnetic,Entrance,0:00:06,14,Monday,Person A
Fridge,Magnetic,Kitchen,0:03:03,14,Monday,Person A
Cupboard,Magnetic,Kitchen,0:00:15,15,Monday,Person A
Cooktop,PIR,Kitchen,0:20:35,15,Monday,Person A
Microwave,Electric,Kitchen,0:12:57,15,Monday,Person A
Fridge,Magnetic,Kitchen,0:00:04,15,Monday,Person A
Fridge,Magnetic,Kitchen,0:00:06,15,Monday,Person A
Fridge,Magnetic,Kitchen,0:00:04,15,Monday,Person A
Fridge,Magnetic,Kitchen,0:00:10,15,Monday,Person A
Cupboard,Magnetic,Kitchen,0:00:04,15,Monday,Person A
Seat,Pressure,Living,0:17:14,15,Monday,Person A
Seat,Pressure,Living,0:37:17,16,Monday,Person A
Maindoor,Magnetic,Entrance,0:00:06,17,Monday,Person A
Maindoor,Magnetic,Entrance,0:00:05,18,Monday,Person A
Seat,Pressure,Living,0:22:20,19,Monday,Person A
Fridge,Magnetic,Kitchen,0:00:05,19,Monday,Person A
Seat,Pressure,Living,0:42:57,19,Monday,Person A
Basin,PIR,Bathroom,0:00:15,20,Monday,Person A
Seat,Pressure,Living,0:46:05,20,Monday,Person A
Basin,PIR,Bathroom,0:00:06,21,Monday,Person A
Basin,PIR,Bathroom,0:00:16,21,Monday,Person A
Seat,Pressure,Living,3:31:10,21,Monday,Person A
Toilet,Flush,Bathroom,0:00:27,0,Tuesday,Person A
Basin,PIR,Bathroom,0:00:06,0,Tuesday,Person A
Bed,Pressure,Bedroom,9:24:43,0,Tuesday,Person A
Basin,PIR,Bathroom,0:00:03,11,Tuesday,Person A
Cabinet,Magnetic,Bathroom,0:00:03,11,Tuesday,Person A
Basin,PIR,Bathroom,0:01:37,11,Tuesday,Person A
Shower,PIR,Bathroom,0:13:38,11,Tuesday,Person A
Toaster,Electric,Kitchen,0:03:07,11,Tuesday,Person A
Cupboard,Magnetic,Kitchen,0:00:24,11,Tuesday,Person A
Fridge,Magnetic,Kitchen,0:00:31,11,Tuesday,Person A
Microwave,Electric,Kitchen,0:01:15,11,Tuesday,Person A
Seat,Pressure,Living,2:58:16,11,Tuesday,Person A
Cupboard,Magnetic,Kitchen,0:00:21,14,Tuesday,Person A
Cooktop,PIR,Kitchen,0:19:42,14,Tuesday,Person A
Microwave,Electric,Kitchen,0:09:49,14,Tuesday,Person A
Fridge,Magnetic,Kitchen,0:00:05,14,Tuesday,Person A
Fridge,Magnetic,Kitchen,0:00:05,14,Tuesday,Person A
Fridge,Magnetic,Kitchen,0:00:04,14,Tuesday,Person A
Basin,PIR,Bathroom,0:01:57,15,Tuesday,Person A
Seat,Pressure,Living,1:49:18,15,Tuesday,Person A
Toilet,Flush,Bathroom,0:00:27,17,Tuesday,Person A
Seat,Pressure,Living,0:46:52,17,Tuesday,Person A
Basin,PIR,Bathroom,0:00:12,18,Tuesday,Person A
Seat,Pressure,Living,1:14:57,18,Tuesday,Person A
Fridge,Magnetic,Kitchen,0:00:05,19,Tuesday,Person A
Basin,PIR,Bathroom,0:00:24,19,Tuesday,Person A
Seat,Pressure,Living,4:27:10,19,Tuesday,Person A
Basin,PIR,Bathroom,0:00:10,0,Wednesday,Person A
Seat,Pressure,Living,0:46:40,0,Wednesday,Person A
Toilet,Flush,Bathroom,0:00:24,0,Wednesday,Person A
Bed,Pressure,Bedroom,9:45:44,0,Wednesday,Person A
Cabinet,Magnetic,Bathroom,0:00:05,10,Wednesday,Person A
Basin,PIR,Bathroom,0:13:29,10,Wednesday,Person A
Shower,PIR,Bathroom,0:05:41,11,Wednesday,Person A
Toaster,Electric,Kitchen,0:02:49,11,Wednesday,Person A
Cupboard,Magnetic,Kitchen,0:00:17,11,Wednesday,Person A
Fridge,Magnetic,Kitchen,0:00:14,11,Wednesday,Person A
Microwave,Electric,Kitchen,0:03:54,11,Wednesday,Person A
Seat,Pressure,Living,2:33:12,11,Wednesday,Person A
Cupboard,Magnetic,Kitchen,0:00:08,14,Wednesday,Person A
Cooktop,PIR,Kitchen,0:17:40,14,Wednesday,Person A
Microwave,Electric,Kitchen,0:08:55,14,Wednesday,Person A
Fridge,Magnetic,Kitchen,0:00:06,14,Wednesday,Person A
Fridge,Magnetic,Kitchen,0:00:05,14,Wednesday,Person A
Cupboard,Magnetic,Kitchen,0:00:04,14,Wednesday,Person A
Fridge,Magnetic,Kitchen,0:00:05,14,Wednesday,Person A
Seat,Pressure,Living,0:46:04,14,Wednesday,Person A
Basin,PIR,Bathroom,0:00:18,15,Wednesday,Person A
Seat,Pressure,Living,0:39:13,15,Wednesday,Person A
Basin,PIR,Bathroom,0:05:43,16,Wednesday,Person A
Maindoor,Magnetic,Entrance,0:00:07,16,Wednesday,Person A
Maindoor,Magnetic,Entrance,0:00:06,18,Wednesday,Person A
Basin,PIR,Bathroom,0:00:03,18,Wednesday,Person A
Seat,Pressure,Living,1:05:55,18,Wednesday,Person A
Fridge,Magnetic,Kitchen,0:00:05,19,Wednesday,Person A
Cupboard,Magnetic,Kitchen,0:00:03,19,Wednesday,Person A
Fridge,Magnetic,Kitchen,0:00:05,19,Wednesday,Person A
Cupboard,Magnetic,Kitchen,0:00:01,20,Wednesday,Person A
Fridge,Magnetic,Kitchen,0:00:05,20,Wednesday,Person A
Toilet,Flush,Bathroom,0:00:28,20,Wednesday,Person A
Seat,Pressure,Living,0:02:06,20,Wednesday,Person A
Seat,Pressure,Living,2:27:07,20,Wednesday,Person A
Basin,PIR,Bathroom,0:00:16,23,Wednesday,Person A
Seat,Pressure,Living,2:12:16,23,Wednesday,Person A
Bed,Pressure,Bedroom,9:34:48,1,Thursday,Person A
Basin,PIR,Bathroom,0:00:11,11,Thursday,Person A
Cabinet,Magnetic,Bathroom,0:00:03,11,Thursday,Person A
Basin,PIR,Bathroom,0:00:03,11,Thursday,Person A
Shower,PIR,Bathroom,0:04:55,11,Thursday,Person A
Toaster,Electric,Kitchen,0:03:13,11,Thursday,Person A
Cupboard,Magnetic,Kitchen,0:00:21,11,Thursday,Person A
Fridge,Magnetic,Kitchen,0:00:21,11,Thursday,Person A
Cooktop,PIR,Kitchen,0:01:57,11,Thursday,Person A
Microwave,Electric,Kitchen,0:01:49,11,Thursday,Person A
Seat,Pressure,Living,2:05:10,11,Thursday,Person A
Basin,PIR,Bathroom,0:00:12,14,Thursday,Person A
Maindoor,Magnetic,Entrance,0:00:04,14,Thursday,Person A
Maindoor,Magnetic,Entrance,0:00:04,16,Thursday,Person A
Seat,Pressure,Living,5:48:56,16,Thursday,Person A
Basin,PIR,Bathroom,0:00:14,22,Thursday,Person A
Seat,Pressure,Living,0:58:23,22,Thursday,Person A
Basin,PIR,Bathroom,0:00:18,23,Thursday,Person A
Seat,Pressure,Living,1:48:32,23,Thursday,Person A
Basin,PIR,Bathroom,0:01:19,1,Friday,Person A
Bed,Pressure,Bedroom,9:32:25,1,Friday,Person A
Toilet,Flush,Bathroom,0:00:31,10,Friday,Person A
Cabinet,Magnetic,Bathroom,0:00:06,10,Friday,Person A
Basin,PIR,Bathroom,0:00:10,10,Friday,Person A
Shower,PIR,Bathroom,0:03:23,10,Friday,Person A
Toaster,Electric,Kitchen,0:02:35,11,Friday,Person A
Cupboard,Magnetic,Kitchen,0:00:04,11,Friday,Person A
Fridge,Magnetic,Kitchen,0:00:23,11,Friday,Person A
Cooktop,PIR,Kitchen,0:00:03,11,Friday,Person A
Microwave,Electric,Kitchen,0:01:38,11,Friday,Person A
Seat,Pressure,Living,1:23:22,11,Friday,Person A
Basin,PIR,Bathroom,0:08:54,12,Friday,Person A
Maindoor,Magnetic,Entrance,0:00:04,12,Friday,Person A
Maindoor,Magnetic,Entrance,0:00:04,16,Friday,Person A
Seat,Pressure,Living,0:13:59,16,Friday,Person A
Seat,Pressure,Living,0:52:41,17,Friday,Person A
Basin,PIR,Bathroom,0:00:02,17,Friday,Person A
Maindoor,Magnetic,Entrance,0:00:05,18,Friday,Person A
Maindoor,Magnetic,Entrance,0:00:06,18,Friday,Person A
Seat,Pressure,Living,1:44:37,19,Friday,Person A
Basin,PIR,Bathroom,0:00:13,21,Friday,Person A
Seat,Pressure,Living,3:11:22,21,Friday,Person A
Basin,PIR,Bathroom,0:00:18,0,Saturday,Person A
Seat,Pressure,Living,0:29:08,0,Saturday,Person A
Bed,Pressure,Bedroom,8:35:30,0,Saturday,Person A
Cabinet,Magnetic,Bathroom,0:00:05,9,Saturday,Person A
Basin,PIR,Bathroom,0:08:27,9,Saturday,Person A
Cabinet,Magnetic,Bathroom,0:00:05,9,Saturday,Person A
Basin,PIR,Bathroom,0:00:04,9,Saturday,Person A
Shower,PIR,Bathroom,0:04:58,9,Saturday,Person A
Cupboard,Magnetic,Kitchen,0:00:08,9,Saturday,Person A
Toaster,Electric,Kitchen,0:03:13,9,Saturday,Person A
Cupboard,Magnetic,Kitchen,0:00:02,9,Saturday,Person A
Fridge,Magnetic,Kitchen,0:00:17,9,Saturday,Person A
Microwave,Electric,Kitchen,0:01:20,9,Saturday,Person A
Cooktop,PIR,Kitchen,0:00:03,9,Saturday,Person A
Seat,Pressure,Living,2:30:49,10,Saturday,Person A
Basin,PIR,Bathroom,0:00:45,12,Saturday,Person A
Maindoor,Magnetic,Entrance,0:00:05,13,Saturday,Person A
Maindoor,Magnetic,Entrance,0:00:05,17,Saturday,Person A
Seat,Pressure,Living,3:05:28,17,Saturday,Person A
Basin,PIR,Bathroom,0:01:22,20,Saturday,Person A
Seat,Pressure,Living,1:24:27,1,Sunday,Person A
Bed,Pressure,Bedroom,9:26:19,2,Sunday,Person A
Basin,PIR,Bathroom,0:00:14,12,Sunday,Person A
Shower,PIR,Bathroom,0:15:46,12,Sunday,Person A
Toaster,Electric,Kitchen,0:03:12,12,Sunday,Person A
Cupboard,Magnetic,Kitchen,0:00:02,12,Sunday,Person A
Fridge,Magnetic,Kitchen,0:00:57,12,Sunday,Person A
Microwave,Electric,Kitchen,0:01:58,12,Sunday,Person A
Seat,Pressure,Living,1:53:29,12,Sunday,Person A
Cupboard,Magnetic,Kitchen,0:00:47,14,Sunday,Person A
Cooktop,PIR,Kitchen,0:23:39,14,Sunday,Person A
Cupboard,Magnetic,Kitchen,0:00:10,14,Sunday,Person A
Cupboard,Magnetic,Kitchen,0:01:18,14,Sunday,Person A
Cupboard,Magnetic,Kitchen,0:00:15,14,Sunday,Person A
Fridge,Magnetic,Kitchen,0:00:05,15,Sunday,Person A
Toilet,Flush,Bathroom,0:01:11,15,Sunday,Person A
Basin,PIR,Bathroom,0:01:56,15,Sunday,Person A
Seat,Pressure,Living,3:07:28,21,Sunday,Person B
Door,PIR,Kitchen,0:00:02,0,Monday,Person B
Door,PIR,Living,0:00:12,0,Monday,Person B
Seat,Pressure,Living,0:17:21,0,Monday,Person B
Door,PIR,Living,0:00:03,0,Monday,Person B
Door,PIR,Living,0:00:03,0,Monday,Person B
Door,PIR,Living,0:00:03,1,Monday,Person B
Basin,PIR,Bathroom,0:00:08,1,Monday,Person B
Door,PIR,Bedroom,0:00:04,1,Monday,Person B
Bed,Pressure,Bedroom,7:35:26,1,Monday,Person B
Door,PIR,Bedroom,0:00:03,9,Monday,Person B
Toilet,Flush,Bathroom,0:01:17,9,Monday,Person B
Door,PIR,Kitchen,0:00:03,9,Monday,Person B
Fridge,Magnetic,Kitchen,0:00:15,9,Monday,Person B
Microwave,Electric,Kitchen,0:01:41,9,Monday,Person B
Door,PIR,Kitchen,0:00:02,9,Monday,Person B
Door,PIR,Bedroom,0:00:04,9,Monday,Person B
Door,PIR,Living,0:00:03,9,Monday,Person B
Seat,Pressure,Living,0:17:14,9,Monday,Person B
Door,PIR,Living,0:00:03,10,Monday,Person B
Basin,PIR,Bathroom,0:01:56,10,Monday,Person B
Shower,PIR,Bathroom,0:08:06,10,Monday,Person B
Door,PIR,Living,0:00:01,10,Monday,Person B
Door,PIR,Kitchen,0:00:02,10,Monday,Person B
Door,PIR,Kitchen,0:00:15,10,Monday,Person B
Basin,PIR,Bathroom,0:00:23,10,Monday,Person B
Door,PIR,Kitchen,0:00:02,10,Monday,Person B
Basin,PIR,Bathroom,0:00:02,10,Monday,Person B
Door,PIR,Living,0:00:07,10,Monday,Person B
Door,PIR,Living,0:00:03,11,Monday,Person B
Door,PIR,Kitchen,0:00:03,11,Monday,Person B
Fridge,Magnetic,Kitchen,0:00:23,11,Monday,Person B
Microwave,Electric,Kitchen,0:00:58,11,Monday,Person B
Door,PIR,Kitchen,0:00:05,11,Monday,Person B
Door,PIR,Kitchen,0:00:03,11,Monday,Person B
Fridge,Magnetic,Kitchen,0:01:39,11,Monday,Person B
Fridge,Magnetic,Kitchen,0:00:03,11,Monday,Person B
Door,PIR,Kitchen,0:00:14,11,Monday,Person B
Door,PIR,Living,0:00:10,11,Monday,Person B
Door,PIR,Bedroom,0:00:02,12,Monday,Person B
Toilet,Flush,Bathroom,0:00:40,12,Monday,Person B
Toilet,Flush,Bathroom,0:02:14,12,Monday,Person B
Basin,PIR,Bathroom,0:07:09,13,Monday,Person B
Basin,PIR,Bathroom,0:05:37,13,Monday,Person B
Door,PIR,Living,0:00:51,13,Monday,Person B
Door,PIR,Living,0:00:04,13,Monday,Person B
Door,PIR,Kitchen,0:00:02,13,Monday,Person B
Fridge,Magnetic,Kitchen,0:03:08,13,Monday,Person B
Door,PIR,Kitchen,0:00:03,14,Monday,Person B
Door,PIR,Living,0:00:03,14,Monday,Person B
Door,PIR,Living,0:00:02,14,Monday,Person B
Door,PIR,Kitchen,0:00:03,14,Monday,Person B
Cupboard,Magnetic,Kitchen,0:00:07,14,Monday,Person B
Cupboard,Magnetic,Kitchen,0:00:06,14,Monday,Person B
Door,PIR,Kitchen,0:00:03,14,Monday,Person B
Door,PIR,Living,0:00:03,14,Monday,Person B
Door,PIR,Living,0:00:03,14,Monday,Person B
Door,PIR,Kitchen,0:00:03,14,Monday,Person B
Cupboard,Magnetic,Kitchen,0:00:07,14,Monday,Person B
Door,PIR,Kitchen,0:00:02,14,Monday,Person B
Door,PIR,Living,0:00:02,14,Monday,Person B
Door,PIR,Living,0:00:03,15,Monday,Person B
Door,PIR,Kitchen,0:00:02,15,Monday,Person B
Cupboard,Magnetic,Kitchen,0:00:12,15,Monday,Person B
Door,PIR,Kitchen,0:00:04,15,Monday,Person B
Basin,PIR,Bathroom,0:01:34,15,Monday,Person B
Door,PIR,Living,0:00:03,15,Monday,Person B
Seat,Pressure,Living,0:27:20,15,Monday,Person B
Door,PIR,Living,0:00:06,16,Monday,Person B
Maindoor,Magnetic,Entrance,0:00:07,16,Monday,Person B
Maindoor,Magnetic,Entrance,0:00:03,17,Monday,Person B
Door,PIR,Living,0:00:03,17,Monday,Person B
Door,PIR,Living,0:00:04,17,Monday,Person B
Door,PIR,Kitchen,0:00:03,17,Monday,Person B
Door,PIR,Kitchen,0:00:02,17,Monday,Person B
Door,PIR,Living,0:00:03,17,Monday,Person B
Seat,Pressure,Living,1:01:36,17,Monday,Person B
Door,PIR,Living,0:00:03,18,Monday,Person B
Door,PIR,Kitchen,0:00:04,18,Monday,Person B
Fridge,Magnetic,Kitchen,0:00:16,18,Monday,Person B
Microwave,Electric,Kitchen,0:01:01,18,Monday,Person B
Door,PIR,Kitchen,0:00:03,18,Monday,Person B
Door,PIR,Bedroom,0:00:03,19,Monday,Person B
Door,PIR,Living,0:00:04,19,Monday,Person B
Seat,Pressure,Living,1:53:39,19,Monday,Person B
Door,PIR,Living,0:00:02,20,Monday,Person B
Door,PIR,Bedroom,0:00:12,20,Monday,Person B
Door,PIR,Living,0:00:03,21,Monday,Person B
Door,PIR,Living,0:00:19,21,Monday,Person B
Basin,PIR,Bathroom,0:00:07,21,Monday,Person B
Door,PIR,Living,0:00:04,21,Monday,Person B
Door,PIR,Kitchen,0:00:04,22,Monday,Person B
Cupboard,Magnetic,Kitchen,0:00:35,22,Monday,Person B
Door,PIR,Kitchen,0:00:03,22,Monday,Person B
Basin,PIR,Bathroom,0:00:08,22,Monday,Person B
Door,PIR,Living,0:00:04,22,Monday,Person B
Seat,Pressure,Living,0:38:43,22,Monday,Person B
Door,PIR,Living,0:00:03,23,Monday,Person B
Door,PIR,Bedroom,0:00:03,23,Monday,Person B
Door,PIR,Bedroom,0:00:02,23,Monday,Person B
Toilet,Flush,Bathroom,0:01:08,23,Monday,Person B
Seat,Pressure,Living,1:39:14,23,Monday,Person B
Basin,PIR,Bathroom,0:00:33,1,Tuesday,Person B
Door,PIR,Bedroom,0:00:04,1,Tuesday,Person B
Bed,Pressure,Bedroom,7:20:43,1,Tuesday,Person B
Door,PIR,Bedroom,0:00:03,8,Tuesday,Person B
Door,PIR,Living,0:00:03,8,Tuesday,Person B
Door,PIR,Kitchen,0:00:05,8,Tuesday,Person B
Fridge,Magnetic,Kitchen,0:00:04,8,Tuesday,Person B
Microwave,Electric,Kitchen,0:01:41,8,Tuesday,Person B
Fridge,Magnetic,Kitchen,0:00:03,8,Tuesday,Person B
Door,PIR,Kitchen,0:00:02,9,Tuesday,Person B
Basin,PIR,Bathroom,0:00:03,9,Tuesday,Person B
Toilet,Flush,Bathroom,0:01:05,9,Tuesday,Person B
Basin,PIR,Bathroom,0:03:02,9,Tuesday,Person B
Basin,PIR,Bathroom,0:00:49,9,Tuesday,Person B
Basin,PIR,Bathroom,0:01:55,9,Tuesday,Person B
Maindoor,Magnetic,Entrance,0:00:06,9,Tuesday,Person B
Maindoor,Magnetic,Entrance,0:00:03,10,Tuesday,Person B
Door,PIR,Kitchen,0:00:03,10,Tuesday,Person B
Door,PIR,Kitchen,0:00:03,10,Tuesday,Person B
Door,PIR,Kitchen,0:00:04,10,Tuesday,Person B
Maindoor,Magnetic,Entrance,0:00:03,10,Tuesday,Person B
Maindoor,Magnetic,Entrance,0:00:04,13,Tuesday,Person B
Door,PIR,Kitchen,0:00:03,13,Tuesday,Person B
Fridge,Magnetic,Kitchen,0:00:05,13,Tuesday,Person B
Fridge,Magnetic,Kitchen,0:00:03,13,Tuesday,Person B
Door,PIR,Kitchen,0:00:02,13,Tuesday,Person B
Toilet,Flush,Bathroom,0:00:45,14,Tuesday,Person B
Door,PIR,Kitchen,0:00:04,14,Tuesday,Person B
Door,PIR,Kitchen,0:00:04,14,Tuesday,Person B
Door,PIR,Kitchen,0:00:03,14,Tuesday,Person B
Cupboard,Magnetic,Kitchen,0:00:02,14,Tuesday,Person B
Fridge,Magnetic,Kitchen,0:00:04,14,Tuesday,Person B
Cupboard,Magnetic,Kitchen,0:00:03,14,Tuesday,Person B
Door,PIR,Kitchen,0:00:03,14,Tuesday,Person B
Door,PIR,Living,0:00:03,14,Tuesday,Person B
Door,PIR,Living,0:00:02,14,Tuesday,Person B
Door,PIR,Kitchen,0:00:03,14,Tuesday,Person B
Door,PIR,Kitchen,0:00:03,14,Tuesday,Person B
Door,PIR,Living,0:00:02,14,Tuesday,Person B
Seat,Pressure,Living,1:06:29,14,Tuesday,Person B
Door,PIR,Living,0:00:03,15,Tuesday,Person B
Door,PIR,Kitchen,0:00:03,15,Tuesday,Person B
Door,PIR,Living,0:00:03,16,Tuesday,Person B
Door,PIR,Living,0:00:03,16,Tuesday,Person B
Door,PIR,Living,0:00:04,16,Tuesday,Person B
Seat,Pressure,Living,0:54:02,16,Tuesday,Person B
Door,PIR,Living,0:00:03,17,Tuesday,Person B
Door,PIR,Bedroom,0:00:04,17,Tuesday,Person B
Door,PIR,Kitchen,0:00:03,17,Tuesday,Person B
Door,PIR,Kitchen,0:00:02,17,Tuesday,Person B
Door,PIR,Living,0:00:04,17,Tuesday,Person B
Seat,Pressure,Living,0:16:43,17,Tuesday,Person B
Door,PIR,Living,0:00:03,17,Tuesday,Person B
Door,PIR,Living,0:00:03,17,Tuesday,Person B
Seat,Pressure,Living,0:22:21,17,Tuesday,Person B
Door,PIR,Living,0:00:03,18,Tuesday,Person B
Door,PIR,Living,0:00:04,18,Tuesday,Person B
Seat,Pressure,Living,0:22:02,18,Tuesday,Person B
Door,PIR,Living,0:00:02,18,Tuesday,Person B
Door,PIR,Kitchen,0:00:02,18,Tuesday,Person B
Door,PIR,Kitchen,0:00:11,19,Tuesday,Person B
Door,PIR,Kitchen,0:00:03,19,Tuesday,Person B
Toilet,Flush,Bathroom,0:00:57,19,Tuesday,Person B
Door,PIR,Living,0:00:01,19,Tuesday,Person B
Seat,Pressure,Living,3:04:31,19,Tuesday,Person B
Door,PIR,Living,0:00:04,22,Tuesday,Person B
Door,PIR,Bedroom,0:00:04,22,Tuesday,Person B
Door,PIR,Bedroom,0:00:02,22,Tuesday,Person B
Door,PIR,Living,0:00:04,23,Tuesday,Person B
Door,PIR,Living,0:00:03,23,Tuesday,Person B
Door,PIR,Kitchen,0:00:05,23,Tuesday,Person B
Microwave,Electric,Kitchen,0:03:46,23,Tuesday,Person B
Door,PIR,Kitchen,0:00:02,23,Tuesday,Person B
Door,PIR,Living,0:00:08,23,Tuesday,Person B
Basin,PIR,Bathroom,0:00:31,23,Tuesday,Person B
Door,PIR,Living,0:00:06,23,Tuesday,Person B
Seat,Pressure,Living,0:34:34,23,Tuesday,Person B
Toilet,Flush,Bathroom,0:00:48,0,Wednesday,Person B
Door,PIR,Bedroom,0:00:05,0,Wednesday,Person B
Bed,Pressure,Bedroom,4:41:34,0,Wednesday,Person B
Door,PIR,Bedroom,0:00:03,5,Wednesday,Person B
Basin,PIR,Bathroom,0:00:33,5,Wednesday,Person B
Door,PIR,Bedroom,0:00:04,5,Wednesday,Person B
Bed,Pressure,Bedroom,3:43:23,5,Wednesday,Person B
Door,PIR,Bedroom,0:00:05,9,Wednesday,Person B
Toilet,Flush,Bathroom,0:01:00,9,Wednesday,Person B
Door,PIR,Bedroom,0:00:04,9,Wednesday,Person B
Door,PIR,Bedroom,0:00:02,9,Wednesday,Person B
Door,PIR,Kitchen,0:00:04,9,Wednesday,Person B
Fridge,Magnetic,Kitchen,0:00:18,9,Wednesday,Person B
Microwave,Electric,Kitchen,0:01:29,9,Wednesday,Person B
Microwave,Electric,Kitchen,0:00:15,9,Wednesday,Person B
Door,PIR,Kitchen,0:00:03,9,Wednesday,Person B
Door,PIR,Bedroom,0:00:05,9,Wednesday,Person B
Door,PIR,Bedroom,0:00:05,9,Wednesday,Person B
Door,PIR,Living,0:00:03,9,Wednesday,Person B
Seat,Pressure,Living,1:13:38,9,Wednesday,Person B
Door,PIR,Living,0:00:03,10,Wednesday,Person B
Door,PIR,Kitchen,0:00:03,10,Wednesday,Person B
Fridge,Magnetic,Kitchen,0:00:06,10,Wednesday,Person B
Door,PIR,Kitchen,0:00:14,10,Wednesday,Person B
Door,PIR,Kitchen,0:00:02,10,Wednesday,Person B
Cupboard,Magnetic,Kitchen,0:00:02,10,Wednesday,Person B
Door,PIR,Kitchen,0:00:03,11,Wednesday,Person B
Door,PIR,Living,0:00:03,11,Wednesday,Person B
Seat,Pressure,Living,0:07:12,11,Wednesday,Person B
Door,PIR,Living,0:00:05,11,Wednesday,Person B
Door,PIR,Living,0:00:03,11,Wednesday,Person B
Seat,Pressure,Living,0:14:42,11,Wednesday,Person B
Door,PIR,Living,0:00:03,11,Wednesday,Person B
Basin,PIR,Bathroom,0:04:38,11,Wednesday,Person B
Shower,PIR,Bathroom,0:02:52,11,Wednesday,Person B
Basin,PIR,Bathroom,0:02:26,12,Wednesday,Person B
Basin,PIR,Bathroom,0:01:03,12,Wednesday,Person B
Basin,PIR,Bathroom,0:01:24,12,Wednesday,Person B
Door,PIR,Living,0:00:15,12,Wednesday,Person B
Door,PIR,Living,0:00:02,12,Wednesday,Person B
Door,PIR,Bedroom,0:00:04,12,Wednesday,Person B
Door,PIR,Bedroom,0:00:14,12,Wednesday,Person B
Door,PIR,Living,0:00:03,12,Wednesday,Person B
Seat,Pressure,Living,0:04:35,12,Wednesday,Person B
Door,PIR,Living,0:00:05,12,Wednesday,Person B
Maindoor,Magnetic,Entrance,0:00:05,12,Wednesday,Person B
Maindoor,Magnetic,Entrance,0:00:08,12,Wednesday,Person B
Door,PIR,Living,0:00:03,12,Wednesday,Person B
Door,PIR,Living,0:00:03,12,Wednesday,Person B
Door,PIR,Kitchen,0:00:04,12,Wednesday,Person B
Maindoor,Magnetic,Entrance,0:00:07,12,Wednesday,Person B
Maindoor,Magnetic,Entrance,0:00:06,14,Wednesday,Person B
Door,PIR,Living,0:00:14,14,Wednesday,Person B
Maindoor,Magnetic,Entrance,0:00:07,14,Wednesday,Person B
Maindoor,Magnetic,Entrance,0:00:06,15,Wednesday,Person B
Door,PIR,Living,0:00:04,15,Wednesday,Person B
Seat,Pressure,Living,3:48:44,15,Wednesday,Person B
Door,PIR,Living,0:00:06,19,Wednesday,Person B
Door,PIR,Living,0:00:03,20,Wednesday,Person B
Seat,Pressure,Living,0:51:51,20,Wednesday,Person B
Door,PIR,Living,0:00:02,21,Wednesday,Person B
Door,PIR,Living,0:00:03,21,Wednesday,Person B
Door,PIR,Living,0:00:04,21,Wednesday,Person B
Door,PIR,Kitchen,0:00:05,21,Wednesday,Person B
Microwave,Electric,Kitchen,0:02:00,21,Wednesday,Person B
Cupboard,Magnetic,Kitchen,0:00:06,21,Wednesday,Person B
Door,PIR,Kitchen,0:00:02,21,Wednesday,Person B
Door,PIR,Living,0:00:03,21,Wednesday,Person B
Door,PIR,Living,0:00:03,21,Wednesday,Person B
Door,PIR,Kitchen,0:00:02,21,Wednesday,Person B
Microwave,Electric,Kitchen,0:00:11,21,Wednesday,Person B
Fridge,Magnetic,Kitchen,0:00:06,21,Wednesday,Person B
Fridge,Magnetic,Kitchen,0:00:03,21,Wednesday,Person B
Door,PIR,Kitchen,0:00:03,21,Wednesday,Person B
Door,PIR,Living,0:00:03,21,Wednesday,Person B
Seat,Pressure,Living,0:25:22,21,Wednesday,Person B
Door,PIR,Living,0:00:03,22,Wednesday,Person B
Door,PIR,Kitchen,0:00:04,22,Wednesday,Person B
Fridge,Magnetic,Kitchen,0:00:18,22,Wednesday,Person B
Door,PIR,Kitchen,0:00:02,22,Wednesday,Person B
Door,PIR,Living,0:00:04,22,Wednesday,Person B
Seat,Pressure,Living,0:45:51,22,Wednesday,Person B
Door,PIR,Living,0:00:02,23,Wednesday,Person B
Seat,Pressure,Living,0:52:04,23,Wednesday,Person B
Basin,PIR,Bathroom,0:00:08,0,Thursday,Person B
Door,PIR,Bedroom,0:00:05,0,Thursday,Person B
Bed,Pressure,Bedroom,0:28:04,0,Thursday,Person B
Door,PIR,Bedroom,0:00:06,0,Thursday,Person B
Bed,Pressure,Bedroom,0:02:02,0,Thursday,Person B
Door,PIR,Bedroom,0:00:03,0,Thursday,Person B
Door,PIR,Living,0:00:09,0,Thursday,Person B
Seat,Pressure,Living,1:10:11,0,Thursday,Person B
Door,PIR,Living,0:00:07,1,Thursday,Person B
Door,PIR,Bedroom,0:00:02,1,Thursday,Person B
Bed,Pressure,Bedroom,5:49:03,1,Thursday,Person B
Door,PIR,Bedroom,0:00:03,7,Thursday,Person B
Toilet,Flush,Bathroom,0:00:41,7,Thursday,Person B
Door,PIR,Bedroom,0:00:03,7,Thursday,Person B
Bed,Pressure,Bedroom,1:39:36,7,Thursday,Person B
Door,PIR,Bedroom,0:00:05,9,Thursday,Person B
Door,PIR,Living,0:00:03,9,Thursday,Person B
Door,PIR,Kitchen,0:00:04,9,Thursday,Person B
Fridge,Magnetic,Kitchen,0:00:18,9,Thursday,Person B
Microwave,Electric,Kitchen,0:01:36,9,Thursday,Person B
Door,PIR,Kitchen,0:00:04,9,Thursday,Person B
Door,PIR,Living,0:00:03,9,Thursday,Person B
Basin,PIR,Bathroom,0:00:05,9,Thursday,Person B
Door,PIR,Bedroom,0:00:03,9,Thursday,Person B
Door,PIR,Bedroom,0:00:03,9,Thursday,Person B
Basin,PIR,Bathroom,0:03:05,9,Thursday,Person B
Basin,PIR,Bathroom,0:01:58,10,Thursday,Person B
Door,PIR,Kitchen,0:00:06,10,Thursday,Person B
Door,PIR,Kitchen,0:00:02,10,Thursday,Person B
Seat,Pressure,Living,0:53:09,10,Thursday,Person B
Maindoor,Magnetic,Entrance,0:00:23,11,Thursday,Person B
Maindoor,Magnetic,Entrance,0:00:08,13,Thursday,Person B
Door,PIR,Kitchen,0:00:02,13,Thursday,Person B
Seat,Pressure,Living,1:10:34,13,Thursday,Person B
Door,PIR,Living,0:00:04,14,Thursday,Person B
Door,PIR,Kitchen,0:00:02,14,Thursday,Person B
Cupboard,Magnetic,Kitchen,0:00:03,14,Thursday,Person B
Door,PIR,Kitchen,0:00:04,14,Thursday,Person B
Door,PIR,Living,0:00:03,14,Thursday,Person B
Door,PIR,Living,0:00:05,15,Thursday,Person B
Door,PIR,Kitchen,0:00:02,15,Thursday,Person B
Fridge,Magnetic,Kitchen,0:00:03,15,Thursday,Person B
Door,PIR,Kitchen,0:00:03,15,Thursday,Person B
Door,PIR,Living,0:00:03,15,Thursday,Person B
Door,PIR,Living,0:00:02,15,Thursday,Person B
Door,PIR,Kitchen,0:00:03,15,Thursday,Person B
Fridge,Magnetic,Kitchen,0:00:05,15,Thursday,Person B
Door,PIR,Kitchen,0:00:03,15,Thursday,Person B
Door,PIR,Living,0:00:02,15,Thursday,Person B
Door,PIR,Living,0:00:04,15,Thursday,Person B
Maindoor,Magnetic,Entrance,0:00:11,15,Thursday,Person B
Maindoor,Magnetic,Entrance,0:00:07,20,Thursday,Person B
Door,PIR,Kitchen,0:00:03,22,Thursday,Person B
Door,PIR,Kitchen,0:00:02,22,Thursday,Person B
Door,PIR,Living,0:00:03,22,Thursday,Person B
Door,PIR,Living,0:00:02,22,Thursday,Person B
Door,PIR,Kitchen,0:00:02,22,Thursday,Person B
Microwave,Electric,Kitchen,0:04:01,22,Thursday,Person B
Cupboard,Magnetic,Kitchen,0:00:10,22,Thursday,Person B
Door,PIR,Kitchen,0:00:04,22,Thursday,Person B
Door,PIR,Living,0:00:03,0,Friday,Person B
Basin,PIR,Bathroom,0:00:07,0,Friday,Person B
Door,PIR,Living,0:00:02,0,Friday,Person B
Door,PIR,Bedroom,0:00:02,0,Friday,Person B
Bed,Pressure,Bedroom,9:37:21,0,Friday,Person B
Door,PIR,Bedroom,0:00:03,10,Friday,Person B
Door,PIR,Kitchen,0:00:04,10,Friday,Person B
Fridge,Magnetic,Kitchen,0:00:02,10,Friday,Person B
Microwave,Electric,Kitchen,0:00:54,10,Friday,Person B
Door,PIR,Kitchen,0:00:02,10,Friday,Person B
Shower,PIR,Bathroom,0:03:10,11,Friday,Person B
Basin,PIR,Bathroom,0:03:13,11,Friday,Person B
Basin,PIR,Bathroom,0:01:51,11,Friday,Person B
Basin,PIR,Bathroom,0:07:42,11,Friday,Person B
Door,PIR,Living,0:00:02,12,Friday,Person B
Door,PIR,Kitchen,0:00:01,12,Friday,Person B
Fridge,Magnetic,Kitchen,0:00:06,12,Friday,Person B
Door,PIR,Kitchen,0:00:02,12,Friday,Person B
Maindoor,Magnetic,Entrance,0:00:06,12,Friday,Person B
Maindoor,Magnetic,Entrance,0:00:06,12,Friday,Person B
Door,PIR,Bedroom,0:00:02,12,Friday,Person B
Door,PIR,Living,0:00:03,12,Friday,Person B
Seat,Pressure,Living,0:53:58,12,Friday,Person B
Door,PIR,Living,0:00:04,13,Friday,Person B
Door,PIR,Kitchen,0:00:04,13,Friday,Person B
Door,PIR,Living,0:00:05,14,Friday,Person B
Door,PIR,Kitchen,0:00:03,14,Friday,Person B
Cupboard,Magnetic,Kitchen,0:00:07,14,Friday,Person B
Door,PIR,Kitchen,0:00:04,14,Friday,Person B
Door,PIR,Living,0:00:03,14,Friday,Person B
Door,PIR,Living,0:00:03,14,Friday,Person B
Door,PIR,Kitchen,0:00:03,14,Friday,Person B
Door,PIR,Kitchen,0:00:03,14,Friday,Person B
Door,PIR,Living,0:00:04,14,Friday,Person B
Door,PIR,Living,0:00:03,14,Friday,Person B
Door,PIR,Kitchen,0:00:03,14,Friday,Person B
Door,PIR,Kitchen,0:00:02,14,Friday,Person B
Door,PIR,Living,0:00:03,14,Friday,Person B
Door,PIR,Living,0:00:03,14,Friday,Person B
Door,PIR,Kitchen,0:00:26,14,Friday,Person B
Door,PIR,Kitchen,0:00:02,14,Friday,Person B
Toilet,Flush,Bathroom,0:01:28,15,Friday,Person B
Maindoor,Magnetic,Entrance,0:00:07,15,Friday,Person B
Maindoor,Magnetic,Entrance,0:00:05,18,Friday,Person B
Door,PIR,Living,0:00:04,18,Friday,Person B
Door,PIR,Living,0:00:03,18,Friday,Person B
Toilet,Flush,Bathroom,0:00:57,18,Friday,Person B
Door,PIR,Living,0:00:03,18,Friday,Person B
Door,PIR,Living,0:00:03,18,Friday,Person B
Door,PIR,Kitchen,0:00:05,18,Friday,Person B
Fridge,Magnetic,Kitchen,0:00:11,18,Friday,Person B
Door,PIR,Kitchen,0:00:03,18,Friday,Person B
Door,PIR,Living,0:00:03,18,Friday,Person B
Seat,Pressure,Living,1:58:48,18,Friday,Person B
Door,PIR,Living,0:00:03,20,Friday,Person B
Door,PIR,Kitchen,0:00:08,20,Friday,Person B
Door,PIR,Kitchen,0:00:02,20,Friday,Person B
Door,PIR,Living,0:00:04,20,Friday,Person B
Seat,Pressure,Living,0:08:36,20,Friday,Person B
Door,PIR,Living,0:00:03,20,Friday,Person B
Door,PIR,Kitchen,0:00:04,20,Friday,Person B
Door,PIR,Kitchen,0:00:02,20,Friday,Person B
Door,PIR,Living,0:00:03,20,Friday,Person B
Seat,Pressure,Living,1:02:47,20,Friday,Person B
Door,PIR,Living,0:00:05,21,Friday,Person B
Basin,PIR,Bathroom,0:00:26,22,Friday,Person B
Basin,PIR,Bathroom,0:03:07,2,Saturday,Person B
Door,PIR,Bedroom,0:00:04,2,Saturday,Person B
Bed,Pressure,Bedroom,7:09:21,2,Saturday,Person B
Door,PIR,Bedroom,0:00:05,9,Saturday,Person B
Toilet,Flush,Bathroom,0:01:05,9,Saturday,Person B
Door,PIR,Living,0:00:03,9,Saturday,Person B
Door,PIR,Kitchen,0:00:04,9,Saturday,Person B
Fridge,Magnetic,Kitchen,0:00:06,9,Saturday,Person B
Fridge,Magnetic,Kitchen,0:00:03,9,Saturday,Person B
Microwave,Electric,Kitchen,0:01:30,9,Saturday,Person B
Door,PIR,Kitchen,0:00:04,10,Saturday,Person B
Basin,PIR,Bathroom,0:04:05,10,Saturday,Person B
Basin,PIR,Bathroom,0:05:10,10,Saturday,Person B
Basin,PIR,Bathroom,0:03:17,10,Saturday,Person B
Maindoor,Magnetic,Entrance,0:00:08,10,Saturday,Person B
Maindoor,Magnetic,Entrance,0:00:07,12,Saturday,Person B
Basin,PIR,Bathroom,0:07:50,12,Saturday,Person B
Door,PIR,Living,0:00:03,12,Saturday,Person B
Seat,Pressure,Living,1:21:18,12,Saturday,Person B
Door,PIR,Living,0:00:03,14,Saturday,Person B
Door,PIR,Kitchen,0:00:05,14,Saturday,Person B
Door,PIR,Kitchen,0:00:02,14,Saturday,Person B
Door,PIR,Living,0:00:03,14,Saturday,Person B
Seat,Pressure,Living,0:20:57,14,Saturday,Person B
Door,PIR,Living,0:00:03,14,Saturday,Person B
Maindoor,Magnetic,Entrance,0:00:03,14,Saturday,Person B
Maindoor,Magnetic,Entrance,0:00:05,16,Saturday,Person B
Door,PIR,Bedroom,0:00:03,16,Saturday,Person B
Basin,PIR,Bathroom,0:00:09,16,Saturday,Person B
Door,PIR,Living,0:00:03,16,Saturday,Person B
Door,PIR,Living,0:00:03,16,Saturday,Person B
Door,PIR,Kitchen,0:00:03,16,Saturday,Person B
Door,PIR,Kitchen,0:00:03,16,Saturday,Person B
Door,PIR,Living,0:00:03,16,Saturday,Person B
Seat,Pressure,Living,0:54:20,16,Saturday,Person B
Door,PIR,Living,0:00:02,17,Saturday,Person B
Door,PIR,Living,0:00:04,17,Saturday,Person B
Door,PIR,Living,0:00:03,18,Saturday,Person B
Door,PIR,Living,0:00:03,18,Saturday,Person B
Door,PIR,Living,0:00:04,19,Saturday,Person B
Door,PIR,Kitchen,0:00:02,19,Saturday,Person B
Door,PIR,Kitchen,0:00:09,19,Saturday,Person B
Door,PIR,Living,0:00:03,19,Saturday,Person B
Seat,Pressure,Living,0:35:20,19,Saturday,Person B
Door,PIR,Living,0:00:03,19,Saturday,Person B
Door,PIR,Kitchen,0:00:03,19,Saturday,Person B
Door,PIR,Kitchen,0:00:03,19,Saturday,Person B
Door,PIR,Living,0:00:03,19,Saturday,Person B
Seat,Pressure,Living,0:42:40,19,Saturday,Person B
Door,PIR,Living,0:00:03,20,Saturday,Person B
Door,PIR,Kitchen,0:00:09,20,Saturday,Person B
Microwave,Electric,Kitchen,0:00:47,20,Saturday,Person B
Door,PIR,Kitchen,0:00:07,20,Saturday,Person B
Door,PIR,Living,0:00:04,20,Saturday,Person B
Door,PIR,Living,0:00:03,20,Saturday,Person B
Door,PIR,Kitchen,0:00:04,20,Saturday,Person B
Microwave,Electric,Kitchen,0:00:07,20,Saturday,Person B
Door,PIR,Kitchen,0:00:06,20,Saturday,Person B
Toilet,Flush,Bathroom,0:01:09,20,Saturday,Person B
Basin,PIR,Bathroom,0:00:28,20,Saturday,Person B
Door,PIR,Bedroom,0:00:01,20,Saturday,Person B
Door,PIR,Bedroom,0:00:04,20,Saturday,Person B
Basin,PIR,Bathroom,0:01:01,20,Saturday,Person B
Door,PIR,Living,0:00:03,0,Sunday,Person B
Seat,Pressure,Living,0:53:00,0,Sunday,Person B
Door,PIR,Living,0:00:03,1,Sunday,Person B
Door,PIR,Bedroom,0:00:07,1,Sunday,Person B
Bed,Pressure,Bedroom,7:16:15,1,Sunday,Person B
Door,PIR,Bedroom,0:00:04,8,Sunday,Person B
Door,PIR,Living,0:00:04,8,Sunday,Person B
Toilet,Flush,Bathroom,0:01:02,9,Sunday,Person B
Door,PIR,Kitchen,0:00:03,9,Sunday,Person B
Fridge,Magnetic,Kitchen,0:00:05,9,Sunday,Person B
Microwave,Electric,Kitchen,0:01:33,9,Sunday,Person B
Fridge,Magnetic,Kitchen,0:00:02,9,Sunday,Person B
Door,PIR,Kitchen,0:00:02,9,Sunday,Person B
Shower,PIR,Bathroom,0:07:37,9,Sunday,Person B
Basin,PIR,Bathroom,0:09:28,9,Sunday,Person B
Basin,PIR,Bathroom,0:03:37,9,Sunday,Person B
Maindoor,Magnetic,Entrance,0:00:03,9,Sunday,Person B
Maindoor,Magnetic,Entrance,0:00:05,10,Sunday,Person B
Door,PIR,Living,0:00:03,10,Sunday,Person B
Seat,Pressure,Living,0:11:24,10,Sunday,Person B
Door,PIR,Living,0:00:03,10,Sunday,Person B
Maindoor,Magnetic,Entrance,0:00:02,10,Sunday,Person B
Maindoor,Magnetic,Entrance,0:00:04,14,Sunday,Person B
Door,PIR,Living,0:00:02,14,Sunday,Person B
Door,PIR,Living,0:00:03,14,Sunday,Person B
Door,PIR,Living,0:00:03,14,Sunday,Person B
Door,PIR,Kitchen,0:00:03,14,Sunday,Person B
Cupboard,Magnetic,Kitchen,0:00:10,14,Sunday,Person B
Door,PIR,Kitchen,0:00:04,14,Sunday,Person B
Door,PIR,Living,0:00:03,14,Sunday,Person B
Door,PIR,Living,0:00:03,14,Sunday,Person B
Door,PIR,Kitchen,0:00:06,14,Sunday,Person B
Door,PIR,Kitchen,0:00:03,14,Sunday,Person B
Door,PIR,Living,0:00:04,14,Sunday,Person B
Door,PIR,Living,0:00:03,17,Sunday,Person B
Door,PIR,Kitchen,0:00:03,17,Sunday,Person B
Door,PIR,Kitchen,0:00:02,17,Sunday,Person B
Door,PIR,Living,0:00:02,17,Sunday,Person B
Door,PIR,Living,0:00:03,17,Sunday,Person B
Seat,Pressure,Living,0:37:45,17,Sunday,Person B
Door,PIR,Living,0:00:03,18,Sunday,Person B
Door,PIR,Kitchen,0:00:02,18,Sunday,Person B
Door,PIR,Kitchen,0:00:04,18,Sunday,Person B
Door,PIR,Living,0:00:06,18,Sunday,Person B
Door,PIR,Living,0:00:02,18,Sunday,Person B
Door,PIR,Kitchen,0:00:04,18,Sunday,Person B
Door,PIR,Kitchen,0:00:07,18,Sunday,Person B
Door,PIR,Living,0:00:03,18,Sunday,Person B
Seat,Pressure,Living,0:14:50,18,Sunday,Person B
Door,PIR,Living,0:00:03,18,Sunday,Person B
Door,PIR,Living,0:00:04,18,Sunday,Person B
Seat,Pressure,Living,0:45:33,18,Sunday,Person B
Door,PIR,Living,0:00:03,19,Sunday,Person B
Door,PIR,Kitchen,0:00:07,19,Sunday,Person B
Maindoor,Magnetic,Entrance,0:00:08,19,Sunday,Person B
Maindoor,Magnetic,Entrance,0:00:07,22,Sunday,Person B
Door,PIR,Kitchen,0:00:02,22,Sunday,Person B
Fridge,Magnetic,Kitchen,0:00:06,22,Sunday,Person B
Fridge,Magnetic,Kitchen,0:00:04,22,Sunday,Person B
Door,PIR,Kitchen,0:00:02,22,Sunday,Person B
Door,PIR,Living,0:00:03,22,Sunday,Person B
Door,PIR,Living,0:00:03,22,Sunday,Person B
Door,PIR,Bedroom,0:00:09,22,Sunday,Person B
Basin,PIR,Bathroom,0:03:59,22,Sunday,Person B
Basin,PIR,Bathroom,0:02:05,22,Sunday,Person B
Door,PIR,Living,0:00:03,22,Sunday,Person B
Door,PIR,Living,0:00:03,23,Sunday,Person B
Door,PIR,Kitchen,0:00:06,23,Sunday,Person B
Door,PIR,Kitchen,0:00:04,23,Sunday,Person B
Door,PIR,Living,0:00:03,23,Sunday,Person B
Door,PIR,Living,0:00:02,23,Sunday,Person B
Basin,PIR,Bathroom,0:00:02,23,Sunday,Person B
Door,PIR,Living,0:00:03,23,Sunday,Person B
Seat,Pressure,Living,1:00:46,23,Sunday,Person B
Toilet,Flush,Bathroom,0:00:41,0,Monday,Person B
Door,PIR,Bedroom,0:00:04,0,Monday,Person B
Bed,Pressure,Bedroom,9:53:34,0,Monday,Person B
Door,PIR,Bedroom,0:00:07,10,Monday,Person B
Toilet,Flush,Bathroom,0:01:10,10,Monday,Person B
Door,PIR,Kitchen,0:00:04,10,Monday,Person B
Fridge,Magnetic,Kitchen,0:00:04,10,Monday,Person B
Fridge,Magnetic,Kitchen,0:00:04,10,Monday,Person B
Microwave,Electric,Kitchen,0:02:21,10,Monday,Person B
Fridge,Magnetic,Kitchen,0:00:18,10,Monday,Person B
Door,PIR,Kitchen,0:00:03,10,Monday,Person B
Door,PIR,Living,0:00:14,10,Monday,Person B
Door,PIR,Living,0:00:03,10,Monday,Person B
Seat,Pressure,Living,0:51:16,10,Monday,Person B
Door,PIR,Living,0:00:05,11,Monday,Person B
Basin,PIR,Bathroom,0:01:22,11,Monday,Person B
Basin,PIR,Bathroom,0:02:38,11,Monday,Person B
Shower,PIR,Bathroom,0:06:56,12,Monday,Person B
Toilet,Flush,Bathroom,0:00:54,12,Monday,Person B
Basin,PIR,Bathroom,0:00:19,12,Monday,Person B
Door,PIR,Living,0:00:03,12,Monday,Person B
Basin,PIR,Bathroom,0:03:45,12,Monday,Person B
Door,PIR,Living,0:00:03,12,Monday,Person B
Seat,Pressure,Living,1:43:25,12,Monday,Person B
Door,PIR,Living,0:00:02,14,Monday,Person B
Basin,PIR,Bathroom,0:00:23,14,Monday,Person B
Door,PIR,Living,0:00:03,14,Monday,Person B
Basin,PIR,Bathroom,0:00:01,14,Monday,Person B
Door,PIR,Bedroom,0:00:10,14,Monday,Person B
Door,PIR,Bedroom,0:00:02,14,Monday,Person B
Maindoor,Magnetic,Entrance,0:00:03,14,Monday,Person B
Maindoor,Magnetic,Entrance,0:00:04,15,Monday,Person B
Door,PIR,Living,0:00:02,15,Monday,Person B
Door,PIR,Living,0:00:03,15,Monday,Person B
Toilet,Flush,Bathroom,0:00:40,15,Monday,Person B
Door,PIR,Living,0:00:02,15,Monday,Person B
Door,PIR,Living,0:00:02,15,Monday,Person B
Door,PIR,Kitchen,0:00:04,15,Monday,Person B
Fridge,Magnetic,Kitchen,0:00:02,15,Monday,Person B
Microwave,Electric,Kitchen,0:01:54,16,Monday,Person B
Microwave,Electric,Kitchen,0:02:19,16,Monday,Person B
Fridge,Magnetic,Kitchen,0:00:02,16,Monday,Person B
Door,PIR,Kitchen,0:00:02,16,Monday,Person B
Door,PIR,Living,0:00:02,16,Monday,Person B
Seat,Pressure,Living,3:33:00,16,Monday,Person B
Door,PIR,Living,0:00:04,19,Monday,Person B
Door,PIR,Living,0:00:06,19,Monday,Person B
Seat,Pressure,Living,1:32:39,19,Monday,Person B
Door,PIR,Living,0:00:03,21,Monday,Person B
Door,PIR,Living,0:00:03,21,Monday,Person B
Door,PIR,Living,0:00:04,21,Monday,Person B
Door,PIR,Kitchen,0:00:03,21,Monday,Person B
Microwave,Electric,Kitchen,0:02:00,22,Monday,Person B
Fridge,Magnetic,Kitchen,0:00:11,22,Monday,Person B
Cupboard,Magnetic,Kitchen,0:00:06,22,Monday,Person B
Door,PIR,Kitchen,0:00:02,22,Monday,Person B
Basin,PIR,Bathroom,0:04:45,22,Monday,Person B
Door,PIR,Kitchen,0:00:19,22,Monday,Person B
Fridge,Magnetic,Kitchen,0:00:04,22,Monday,Person B
Door,PIR,Kitchen,0:00:02,22,Monday,Person B
Door,PIR,Living,0:00:08,22,Monday,Person B
Seat,Pressure,Living,1:47:26,22,Monday,Person B
Toilet,Flush,Bathroom,0:00:55,1,Tuesday,Person B
Door,PIR,Bedroom,0:00:02,1,Tuesday,Person B
Bed,Pressure,Bedroom,8:29:02,1,Tuesday,Person B
Door,PIR,Bedroom,0:00:03,9,Tuesday,Person B
Door,PIR,Living,0:00:04,10,Tuesday,Person B
Door,PIR,Living,0:00:03,10,Tuesday,Person B
Door,PIR,Kitchen,0:00:06,10,Tuesday,Person B
Fridge,Magnetic,Kitchen,0:00:05,10,Tuesday,Person B
Door,PIR,Kitchen,0:00:02,10,Tuesday,Person B
Basin,PIR,Bathroom,0:07:43,10,Tuesday,Person B
Basin,PIR,Bathroom,0:04:48,10,Tuesday,Person B
Door,PIR,Kitchen,0:00:02,11,Tuesday,Person B
Fridge,Magnetic,Kitchen,0:00:04,11,Tuesday,Person B
Door,PIR,Kitchen,0:00:02,11,Tuesday,Person B
Door,PIR,Living,0:00:02,11,Tuesday,Person B
Seat,Pressure,Living,1:36:56,11,Tuesday,Person B
Door,PIR,Living,0:00:02,12,Tuesday,Person B
Door,PIR,Kitchen,0:00:03,13,Tuesday,Person B
Fridge,Magnetic,Kitchen,0:00:16,13,Tuesday,Person B
Door,PIR,Kitchen,0:00:02,13,Tuesday,Person B
Door,PIR,Kitchen,0:00:03,13,Tuesday,Person B
Door,PIR,Living,0:00:02,13,Tuesday,Person B
Door,PIR,Living,0:00:03,13,Tuesday,Person B
Door,PIR,Living,0:00:03,14,Tuesday,Person B
Door,PIR,Living,0:00:03,14,Tuesday,Person B
Door,PIR,Kitchen,0:00:03,14,Tuesday,Person B
Cupboard,Magnetic,Kitchen,0:00:20,14,Tuesday,Person B
Door,PIR,Kitchen,0:00:03,14,Tuesday,Person B
Door,PIR,Living,0:00:03,14,Tuesday,Person B
Door,PIR,Living,0:00:03,14,Tuesday,Person B
Door,PIR,Kitchen,0:00:11,14,Tuesday,Person B
Fridge,Magnetic,Kitchen,0:00:45,14,Tuesday,Person B
Door,PIR,Kitchen,0:00:02,14,Tuesday,Person B
Door,PIR,Living,0:00:04,14,Tuesday,Person B
Door,PIR,Living,0:00:03,14,Tuesday,Person B
Door,PIR,Kitchen,0:00:04,15,Tuesday,Person B
Door,PIR,Living,0:00:04,15,Tuesday,Person B
Seat,Pressure,Living,0:28:30,15,Tuesday,Person B
Door,PIR,Living,0:00:02,15,Tuesday,Person B
Door,PIR,Kitchen,0:00:04,15,Tuesday,Person B
Toilet,Flush,Bathroom,0:01:00,15,Tuesday,Person B
Door,PIR,Living,0:00:03,15,Tuesday,Person B
Maindoor,Magnetic,Entrance,0:00:04,15,Tuesday,Person B
Maindoor,Magnetic,Entrance,0:00:07,20,Tuesday,Person B
Door,PIR,Living,0:00:03,20,Tuesday,Person B
Seat,Pressure,Living,0:01:50,20,Tuesday,Person B
Door,PIR,Living,0:00:02,20,Tuesday,Person B
Door,PIR,Living,0:00:03,20,Tuesday,Person B
Seat,Pressure,Living,1:12:16,20,Tuesday,Person B
Door,PIR,Living,0:00:03,21,Tuesday,Person B
Door,PIR,Kitchen,0:00:08,21,Tuesday,Person B
Seat,Pressure,Living,2:03:06,21,Tuesday,Person B
Door,PIR,Living,0:00:02,0,Wednesday,Person B
Basin,PIR,Bathroom,0:00:15,0,Wednesday,Person B
Door,PIR,Living,0:00:03,0,Wednesday,Person B
Door,PIR,Bedroom,0:00:02,0,Wednesday,Person B
Bed,Pressure,Bedroom,9:39:53,0,Wednesday,Person B
Door,PIR,Bedroom,0:00:02,9,Wednesday,Person B
Toilet,Flush,Bathroom,0:01:07,9,Wednesday,Person B
Door,PIR,Living,0:00:03,10,Wednesday,Person B
Door,PIR,Living,0:00:03,10,Wednesday,Person B
Door,PIR,Kitchen,0:00:02,10,Wednesday,Person B
Fridge,Magnetic,Kitchen,0:00:03,10,Wednesday,Person B
Fridge,Magnetic,Kitchen,0:00:03,10,Wednesday,Person B
Fridge,Magnetic,Kitchen,0:00:06,10,Wednesday,Person B
Door,PIR,Kitchen,0:00:02,10,Wednesday,Person B
Door,PIR,Living,0:00:03,10,Wednesday,Person B
Seat,Pressure,Living,1:21:22,10,Wednesday,Person B
Door,PIR,Living,0:00:03,11,Wednesday,Person B
Basin,PIR,Bathroom,0:06:29,11,Wednesday,Person B
Basin,PIR,Bathroom,0:02:54,11,Wednesday,Person B
Maindoor,Magnetic,Entrance,0:00:03,12,Wednesday,Person B
Maindoor,Magnetic,Entrance,0:00:05,12,Wednesday,Person B
Door,PIR,Living,0:00:03,12,Wednesday,Person B
Seat,Pressure,Living,0:40:11,12,Wednesday,Person B
Door,PIR,Living,0:00:03,13,Wednesday,Person B
Door,PIR,Kitchen,0:00:03,14,Wednesday,Person B
Door,PIR,Living,0:00:03,14,Wednesday,Person B
Seat,Pressure,Living,0:48:40,14,Wednesday,Person B
Door,PIR,Living,0:00:04,15,Wednesday,Person B
Door,PIR,Kitchen,0:00:03,15,Wednesday,Person B
Cupboard,Magnetic,Kitchen,0:00:04,15,Wednesday,Person B
Door,PIR,Kitchen,0:00:03,15,Wednesday,Person B
Door,PIR,Living,0:00:03,15,Wednesday,Person B
Door,PIR,Living,0:00:03,15,Wednesday,Person B
Door,PIR,Living,0:00:03,15,Wednesday,Person B
Door,PIR,Living,0:00:02,15,Wednesday,Person B
Door,PIR,Kitchen,0:00:04,15,Wednesday,Person B
Door,PIR,Kitchen,0:00:03,15,Wednesday,Person B
Door,PIR,Living,0:00:03,15,Wednesday,Person B
Door,PIR,Living,0:00:03,15,Wednesday,Person B
Door,PIR,Kitchen,0:00:02,15,Wednesday,Person B
Door,PIR,Living,0:00:03,15,Wednesday,Person B
Seat,Pressure,Living,1:50:06,15,Wednesday,Person B
Door,PIR,Living,0:00:03,17,Wednesday,Person B
Door,PIR,Kitchen,0:00:04,17,Wednesday,Person B
Fridge,Magnetic,Kitchen,0:00:13,17,Wednesday,Person B
Door,PIR,Kitchen,0:00:02,17,Wednesday,Person B
Door,PIR,Living,0:00:03,17,Wednesday,Person B
Seat,Pressure,Living,1:08:17,17,Wednesday,Person B
Door,PIR,Living,0:00:03,19,Wednesday,Person B
Door,PIR,Living,0:00:03,19,Wednesday,Person B
Seat,Pressure,Living,0:58:38,19,Wednesday,Person B
Door,PIR,Living,0:00:03,20,Wednesday,Person B
Door,PIR,Living,0:00:03,20,Wednesday,Person B
Door,PIR,Living,0:00:02,21,Wednesday,Person B
Door,PIR,Bedroom,0:00:04,21,Wednesday,Person B
Door,PIR,Living,0:00:02,21,Wednesday,Person B
Toilet,Flush,Bathroom,0:00:40,21,Wednesday,Person B
Maindoor,Magnetic,Entrance,0:00:07,1,Thursday,Person B
Door,PIR,Kitchen,0:00:02,1,Thursday,Person B
Fridge,Magnetic,Kitchen,0:00:18,1,Thursday,Person B
Door,PIR,Kitchen,0:00:02,1,Thursday,Person B
Door,PIR,Bedroom,0:00:04,1,Thursday,Person B
Basin,PIR,Bathroom,0:00:19,1,Thursday,Person B
Door,PIR,Bedroom,0:00:03,1,Thursday,Person B
Bed,Pressure,Bedroom,4:27:01,1,Thursday,Person B
Door,PIR,Bedroom,0:00:03,6,Thursday,Person B
Door,PIR,Bedroom,0:00:08,6,Thursday,Person B
Bed,Pressure,Bedroom,0:40:35,9,Thursday,Person B
Door,PIR,Bedroom,0:00:03,10,Thursday,Person B
Toilet,Flush,Bathroom,0:01:09,10,Thursday,Person B
Door,PIR,Living,0:00:03,10,Thursday,Person B
Door,PIR,Living,0:00:03,10,Thursday,Person B
Door,PIR,Kitchen,0:00:03,10,Thursday,Person B
Fridge,Magnetic,Kitchen,0:00:23,10,Thursday,Person B
Fridge,Magnetic,Kitchen,0:00:29,10,Thursday,Person B
Cupboard,Magnetic,Kitchen,0:00:59,10,Thursday,Person B
Door,PIR,Kitchen,0:00:09,10,Thursday,Person B
Door,PIR,Kitchen,0:00:02,11,Thursday,Person B
Cupboard,Magnetic,Kitchen,0:00:10,11,Thursday,Person B
Door,PIR,Kitchen,0:00:03,11,Thursday,Person B
Door,PIR,Living,0:00:04,11,Thursday,Person B
Seat,Pressure,Living,0:43:53,11,Thursday,Person B
Door,PIR,Living,0:00:03,11,Thursday,Person B
Door,PIR,Kitchen,0:00:01,11,Thursday,Person B
Fridge,Magnetic,Kitchen,0:00:05,11,Thursday,Person B
Door,PIR,Kitchen,0:00:02,12,Thursday,Person B
Basin,PIR,Bathroom,0:11:00,12,Thursday,Person B
Door,PIR,Living,0:00:03,12,Thursday,Person B
Seat,Pressure,Living,0:06:26,12,Thursday,Person B
Door,PIR,Living,0:00:02,12,Thursday,Person B
Door,PIR,Living,0:00:02,12,Thursday,Person B
Door,PIR,Living,0:00:03,13,Thursday,Person B
Door,PIR,Living,0:00:05,13,Thursday,Person B
Seat,Pressure,Living,1:37:42,13,Thursday,Person B
Door,PIR,Living,0:00:02,14,Thursday,Person B
Door,PIR,Kitchen,0:00:03,14,Thursday,Person B
Door,PIR,Kitchen,0:00:02,15,Thursday,Person B
Fridge,Magnetic,Kitchen,0:00:59,15,Thursday,Person B
Door,PIR,Kitchen,0:00:03,15,Thursday,Person B
Door,PIR,Living,0:00:04,15,Thursday,Person B
Door,PIR,Living,0:00:03,15,Thursday,Person B
Door,PIR,Kitchen,0:00:02,15,Thursday,Person B
Fridge,Magnetic,Kitchen,0:00:05,15,Thursday,Person B
Door,PIR,Kitchen,0:00:02,15,Thursday,Person B
Door,PIR,Living,0:00:04,15,Thursday,Person B
Door,PIR,Living,0:00:03,16,Thursday,Person B
Door,PIR,Kitchen,0:00:24,16,Thursday,Person B
Cupboard,Magnetic,Kitchen,0:00:10,16,Thursday,Person B
Door,PIR,Kitchen,0:00:02,16,Thursday,Person B
Door,PIR,Living,0:00:04,16,Thursday,Person B
Seat,Pressure,Living,1:18:50,16,Thursday,Person B
Door,PIR,Living,0:00:02,18,Thursday,Person B
Door,PIR,Kitchen,0:00:04,18,Thursday,Person B
Fridge,Magnetic,Kitchen,0:00:13,18,Thursday,Person B
Door,PIR,Kitchen,0:00:04,18,Thursday,Person B
Door,PIR,Living,0:00:03,18,Thursday,Person B
Seat,Pressure,Living,2:00:01,18,Thursday,Person B
Door,PIR,Living,0:00:02,20,Thursday,Person B
Basin,PIR,Bathroom,0:00:55,21,Thursday,Person B
Door,PIR,Bedroom,0:00:02,0,Friday,Person B
Door,PIR,Living,0:00:04,0,Friday,Person B
Door,PIR,Living,0:00:02,0,Friday,Person B
Door,PIR,Kitchen,0:00:04,0,Friday,Person B
Fridge,Magnetic,Kitchen,0:00:48,0,Friday,Person B
Door,PIR,Kitchen,0:00:02,0,Friday,Person B
Basin,PIR,Bathroom,0:00:38,0,Friday,Person B
Door,PIR,Living,0:00:04,0,Friday,Person B
Door,PIR,Bedroom,0:00:03,0,Friday,Person B
Door,PIR,Living,0:00:02,0,Friday,Person B
Seat,Pressure,Living,0:42:17,0,Friday,Person B
Door,PIR,Living,0:00:03,1,Friday,Person B
Basin,PIR,Bathroom,0:00:02,1,Friday,Person B
Door,PIR,Bedroom,0:00:02,1,Friday,Person B
Bed,Pressure,Bedroom,7:38:50,1,Friday,Person B
Door,PIR,Bedroom,0:00:04,9,Friday,Person B
Toilet,Flush,Bathroom,0:01:02,9,Friday,Person B
Door,PIR,Living,0:00:04,9,Friday,Person B
Door,PIR,Bedroom,0:00:02,9,Friday,Person B
Door,PIR,Kitchen,0:00:01,9,Friday,Person B
Fridge,Magnetic,Kitchen,0:00:02,9,Friday,Person B
Door,PIR,Kitchen,0:00:03,9,Friday,Person B
Basin,PIR,Bathroom,0:05:38,10,Friday,Person B
Basin,PIR,Bathroom,0:04:20,10,Friday,Person B
Door,PIR,Bedroom,0:00:03,10,Friday,Person B
Door,PIR,Bedroom,0:00:04,10,Friday,Person B
Basin,PIR,Bathroom,0:00:02,10,Friday,Person B
Basin,PIR,Bathroom,0:00:02,10,Friday,Person B
Door,PIR,Bedroom,0:00:03,10,Friday,Person B
Maindoor,Magnetic,Entrance,0:00:05,10,Friday,Person B
Maindoor,Magnetic,Entrance,0:00:05,12,Friday,Person B
Door,PIR,Living,0:00:03,12,Friday,Person B
Door,PIR,Kitchen,0:00:02,12,Friday,Person B
Fridge,Magnetic,Kitchen,0:00:04,12,Friday,Person B
Door,PIR,Kitchen,0:00:02,12,Friday,Person B
Door,PIR,Bedroom,0:00:08,13,Friday,Person B
Basin,PIR,Bathroom,0:00:03,13,Friday,Person B
Door,PIR,Bedroom,0:00:02,13,Friday,Person B
Door,PIR,Living,0:00:04,13,Friday,Person B
Seat,Pressure,Living,0:51:02,13,Friday,Person B
Door,PIR,Living,0:00:03,14,Friday,Person B
Door,PIR,Kitchen,0:00:03,14,Friday,Person B
Door,PIR,Kitchen,0:00:03,14,Friday,Person B
Door,PIR,Living,0:00:03,14,Friday,Person B
Door,PIR,Living,0:00:02,14,Friday,Person B
Toilet,Flush,Bathroom,0:00:52,14,Friday,Person B
Door,PIR,Living,0:00:05,14,Friday,Person B
Door,PIR,Living,0:00:04,14,Friday,Person B
Door,PIR,Kitchen,0:00:03,14,Friday,Person B
Door,PIR,Living,0:00:03,14,Friday,Person B
Seat,Pressure,Living,1:55:12,14,Friday,Person B
Door,PIR,Living,0:00:05,16,Friday,Person B
Door,PIR,Kitchen,0:00:03,16,Friday,Person B
Toilet,Flush,Bathroom,0:01:08,16,Friday,Person B
Door,PIR,Living,0:00:05,16,Friday,Person B
Door,PIR,Living,0:00:03,16,Friday,Person B
Door,PIR,Kitchen,0:00:04,16,Friday,Person B
Door,PIR,Kitchen,0:00:02,17,Friday,Person B
Door,PIR,Living,0:00:06,17,Friday,Person B
Seat,Pressure,Living,0:44:23,17,Friday,Person B
Door,PIR,Living,0:00:04,17,Friday,Person B
Door,PIR,Kitchen,0:00:02,17,Friday,Person B
Fridge,Magnetic,Kitchen,0:00:14,17,Friday,Person B
Door,PIR,Kitchen,0:00:04,18,Friday,Person B
Door,PIR,Living,0:00:04,18,Friday,Person B
Seat,Pressure,Living,1:41:52,18,Friday,Person B
Door,PIR,Living,0:00:23,19,Friday,Person B
Maindoor,Magnetic,Entrance,0:00:04,19,Friday,Person B
Maindoor,Magnetic,Entrance,0:00:08,22,Friday,Person B
Toilet,Flush,Bathroom,0:01:00,22,Friday,Person B
Door,PIR,Living,2:07:17,22,Friday,Person B
Door,PIR,Living,0:00:02,0,Saturday,Person B
Basin,PIR,Bathroom,0:04:45,0,Saturday,Person B
Door,PIR,Bedroom,0:00:03,0,Saturday,Person B
Bed,Pressure,Bedroom,9:24:13,0,Saturday,Person B
Door,PIR,Bedroom,0:00:02,10,Saturday,Person B
Door,PIR,Living,0:00:04,10,Saturday,Person B
Door,PIR,Living,0:00:02,10,Saturday,Person B
Door,PIR,Kitchen,0:00:03,10,Saturday,Person B
Fridge,Magnetic,Kitchen,0:00:19,10,Saturday,Person B
Fridge,Magnetic,Kitchen,0:00:12,10,Saturday,Person B
Door,PIR,Kitchen,0:00:07,10,Saturday,Person B
Door,PIR,Living,0:00:04,10,Saturday,Person B
Seat,Pressure,Living,0:52:19,10,Saturday,Person B
Door,PIR,Living,0:00:02,11,Saturday,Person B
Door,PIR,Kitchen,0:00:10,11,Saturday,Person B
Fridge,Magnetic,Kitchen,0:00:06,11,Saturday,Person B
Door,PIR,Kitchen,0:00:13,11,Saturday,Person B
Door,PIR,Living,0:00:04,11,Saturday,Person B
Shower,PIR,Bathroom,0:08:21,11,Saturday,Person B
Basin,PIR,Bathroom,0:05:28,11,Saturday,Person B
Basin,PIR,Bathroom,0:00:39,11,Saturday,Person B
Basin,PIR,Bathroom,0:00:15,11,Saturday,Person B
Toilet,Flush,Bathroom,0:01:04,12,Saturday,Person B
Door,PIR,Kitchen,0:00:04,12,Saturday,Person B
Door,PIR,Kitchen,0:00:05,12,Saturday,Person B
Door,PIR,Living,0:00:04,12,Saturday,Person B
Seat,Pressure,Living,0:46:29,12,Saturday,Person B
Door,PIR,Living,0:00:03,13,Saturday,Person B
Door,PIR,Living,0:00:05,13,Saturday,Person B
Door,PIR,Living,0:00:04,13,Saturday,Person B
Door,PIR,Living,0:00:03,13,Saturday,Person B
Door,PIR,Living,0:00:03,14,Saturday,Person B
Door,PIR,Bedroom,0:00:03,14,Saturday,Person B
Door,PIR,Bedroom,0:00:03,14,Saturday,Person B
Basin,PIR,Bathroom,0:00:08,14,Saturday,Person B
Door,PIR,Living,0:00:08,14,Saturday,Person B
Maindoor,Magnetic,Entrance,0:00:20,14,Saturday,Person B
Maindoor,Magnetic,Entrance,0:00:09,15,Saturday,Person B
Door,PIR,Living,0:00:02,15,Saturday,Person B
Door,PIR,Living,0:00:02,15,Saturday,Person B
Door,PIR,Bedroom,0:00:04,15,Saturday,Person B
Door,PIR,Bedroom,0:00:05,16,Saturday,Person B
Basin,PIR,Bathroom,0:00:02,16,Saturday,Person B
Door,PIR,Living,0:00:03,16,Saturday,Person B
Door,PIR,Living,0:00:02,16,Saturday,Person B
Door,PIR,Living,0:00:03,16,Saturday,Person B
Seat,Pressure,Living,3:51:56,16,Saturday,Person B
Door,PIR,Living,0:00:03,19,Saturday,Person B
Door,PIR,Kitchen,0:00:03,19,Saturday,Person B
Fridge,Magnetic,Kitchen,0:00:04,19,Saturday,Person B
Door,PIR,Kitchen,0:00:02,19,Saturday,Person B
Door,PIR,Living,0:00:03,19,Saturday,Person B
Door,PIR,Living,0:00:05,20,Saturday,Person B
Door,PIR,Living,0:00:03,20,Saturday,Person B
Door,PIR,Kitchen,0:00:04,20,Saturday,Person B
Door,PIR,Kitchen,0:00:01,20,Saturday,Person B
Door,PIR,Living,0:00:03,20,Saturday,Person B
Door,PIR,Living,0:00:03,22,Saturday,Person B
Door,PIR,Bedroom,0:00:03,22,Saturday,Person B
Door,PIR,Bedroom,0:00:04,22,Saturday,Person B
Door,PIR,Living,0:00:05,22,Saturday,Person B
Door,PIR,Living,0:00:05,22,Saturday,Person B
Door,PIR,Kitchen,0:00:04,22,Saturday,Person B
Fridge,Magnetic,Kitchen,0:00:02,22,Saturday,Person B
Fridge,Magnetic,Kitchen,0:00:02,22,Saturday,Person B
Door,PIR,Kitchen,0:00:02,22,Saturday,Person B
Door,PIR,Living,0:00:04,22,Saturday,Person B
Door,PIR,Living,0:00:03,23,Saturday,Person B
Door,PIR,Kitchen,0:00:04,23,Saturday,Person B
Fridge,Magnetic,Kitchen,0:00:17,23,Saturday,Person B
Seat,Pressure,Living,1:18:44,23,Saturday,Person B
Door,PIR,Living,0:00:03,0,Sunday,Person B
Seat,Pressure,Living,0:58:02,0,Sunday,Person B
Door,PIR,Living,0:00:11,1,Sunday,Person B
Door,PIR,Bedroom,0:00:04,1,Sunday,Person B
Bed,Pressure,Bedroom,7:31:53,1,Sunday,Person B
Door,PIR,Bedroom,0:00:03,9,Sunday,Person B
Basin,PIR,Bathroom,0:10:20,9,Sunday,Person B
Toilet,Flush,Bathroom,0:00:33,9,Sunday,Person B
Door,PIR,Kitchen,0:00:04,10,Sunday,Person B
Fridge,Magnetic,Kitchen,0:00:07,10,Sunday,Person B
Fridge,Magnetic,Kitchen,0:00:17,10,Sunday,Person B
Door,PIR,Kitchen,0:00:02,10,Sunday,Person B
Door,PIR,Living,0:00:03,10,Sunday,Person B
Seat,Pressure,Living,0:17:12,10,Sunday,Person B
Door,PIR,Living,0:00:03,10,Sunday,Person B
Maindoor,Magnetic,Entrance,0:00:09,10,Sunday,Person B
Maindoor,Magnetic,Entrance,0:00:03,13,Sunday,Person B
Toilet,Flush,Bathroom,0:03:40,13,Sunday,Person B
Door,PIR,Bedroom,0:00:13,13,Sunday,Person B
Door,PIR,Living,0:00:03,13,Sunday,Person B
Seat,Pressure,Living,0:36:53,14,Sunday,Person B
Door,PIR,Living,0:00:03,14,Sunday,Person B
Door,PIR,Kitchen,0:00:04,14,Sunday,Person B
Door,PIR,Kitchen,0:00:02,14,Sunday,Person B
Fridge,Magnetic,Kitchen,0:00:07,14,Sunday,Person B
Fridge,Magnetic,Kitchen,0:01:33,14,Sunday,Person B
Door,PIR,Kitchen,0:00:02,14,Sunday,Person B
Door,PIR,Living,0:00:04,14,Sunday,Person B
Door,PIR,Living,0:00:02,14,Sunday,Person B
Door,PIR,Kitchen,0:00:03,14,Sunday,Person B
Door,PIR,Kitchen,0:00:02,14,Sunday,Person B
Door,PIR,Living,0:00:03,15,Sunday,Person B
Door,PIR,Kitchen,0:00:02,15,Sunday,Person B
Fridge,Magnetic,Kitchen,0:00:02,15,Sunday,Person B
Door,PIR,Kitchen,0:00:02,15,Sunday,Person B
Door,PIR,Living,0:00:03,15,Sunday,Person B
Maindoor,Magnetic,Entrance,0:00:07,15,Sunday,Person B
Maindoor,Magnetic,Entrance,0:00:06,20,Sunday,Person B
Door,PIR,Living,0:00:04,20,Sunday,Person B
Toilet,Flush,Bathroom,0:01:10,20,Sunday,Person B
Door,PIR,Living,0:00:03,20,Sunday,Person B
Seat,Pressure,Living,1:43:46,20,Sunday,Person B
Door,PIR,Living,0:00:03,22,Sunday,Person B
Door,PIR,Kitchen,0:00:04,22,Sunday,Person B
Door,PIR,Kitchen,0:00:06,22,Sunday,Person B
Door,PIR,Living,0:00:03,22,Sunday,Person B
Door,PIR,Living,0:00:03,22,Sunday,Person B
Door,PIR,Kitchen,0:00:02,22,Sunday,Person B
Fridge,Magnetic,Kitchen,0:00:11,22,Sunday,Person B
Door,PIR,Kitchen,0:00:02,22,Sunday,Person B
Door,PIR,Living,0:00:03,22,Sunday,Person B
Seat,Pressure,Living,1:04:54,22,Sunday,Person B
Door,PIR,Living,0:00:03,23,Sunday,Person B
Door,PIR,Kitchen,0:00:04,23,Sunday,Person B
Seat,Pressure,Living,0:54:54,23,Sunday,Person B
Door,PIR,Bedroom,0:00:03,1,Monday,Person B
Bed,Pressure,Bedroom,7:14:00,1,Monday,Person B
Door,PIR,Bedroom,0:00:02,8,Monday,Person B
Door,PIR,Bedroom,0:00:04,8,Monday,Person B
Bed,Pressure,Bedroom,0:43:41,8,Monday,Person B
Door,PIR,Bedroom,0:00:04,9,Monday,Person B
Toilet,Flush,Bathroom,0:01:13,9,Monday,Person B
Door,PIR,Living,0:00:03,9,Monday,Person B
Door,PIR,Kitchen,0:00:03,9,Monday,Person B
Fridge,Magnetic,Kitchen,0:00:04,9,Monday,Person B
Fridge,Magnetic,Kitchen,0:00:02,9,Monday,Person B
Door,PIR,Kitchen,0:00:02,10,Monday,Person B
Shower,PIR,Bathroom,0:06:14,10,Monday,Person B
Basin,PIR,Bathroom,0:09:00,10,Monday,Person B
Toilet,Flush,Bathroom,0:00:56,11,Monday,Person B
Maindoor,Magnetic,Entrance,0:00:03,11,Monday,Person B
Maindoor,Magnetic,Entrance,0:00:06,11,Monday,Person B
Door,PIR,Kitchen,0:00:02,11,Monday,Person B
Door,PIR,Kitchen,0:00:02,12,Monday,Person B
Door,PIR,Living,0:00:03,12,Monday,Person B
Seat,Pressure,Living,0:22:23,12,Monday,Person B
Door,PIR,Living,0:00:03,12,Monday,Person B
Door,PIR,Kitchen,0:00:04,12,Monday,Person B
Door,PIR,Kitchen,0:00:02,12,Monday,Person B
Door,PIR,Living,0:00:03,12,Monday,Person B
Seat,Pressure,Living,0:17:56,12,Monday,Person B
Door,PIR,Living,0:00:02,12,Monday,Person B
Maindoor,Magnetic,Entrance,0:00:04,12,Monday,Person B
Maindoor,Magnetic,Entrance,0:00:06,18,Monday,Person B
Toilet,Flush,Bathroom,0:01:04,19,Monday,Person B
Door,PIR,Kitchen,0:00:04,19,Monday,Person B
Door,PIR,Kitchen,0:00:02,19,Monday,Person B
Door,PIR,Living,0:00:03,19,Monday,Person B
Door,PIR,Living,0:00:03,21,Monday,Person B
Basin,PIR,Bathroom,0:01:00,1,Tuesday,Person B
Basin,PIR,Bathroom,0:01:01,1,Tuesday,Person B
Door,PIR,Bedroom,0:00:05,1,Tuesday,Person B
Bed,Pressure,Bedroom,8:28:01,1,Tuesday,Person B
Door,PIR,Bedroom,0:00:03,10,Tuesday,Person B
Toilet,Flush,Bathroom,0:01:19,10,Tuesday,Person B
Door,PIR,Living,0:00:03,10,Tuesday,Person B
Door,PIR,Living,0:00:03,10,Tuesday,Person B
Door,PIR,Kitchen,0:00:02,10,Tuesday,Person B
Fridge,Magnetic,Kitchen,0:00:04,10,Tuesday,Person B
Fridge,Magnetic,Kitchen,0:00:01,10,Tuesday,Person B
Door,PIR,Kitchen,0:00:02,10,Tuesday,Person B
Door,PIR,Bedroom,0:00:04,10,Tuesday,Person B
Door,PIR,Living,0:00:02,10,Tuesday,Person B
Seat,Pressure,Living,0:56:49,10,Tuesday,Person B
Door,PIR,Living,0:00:04,11,Tuesday,Person B
Door,PIR,Kitchen,0:00:03,11,Tuesday,Person B
Basin,PIR,Bathroom,0:00:03,11,Tuesday,Person B
Door,PIR,Kitchen,0:00:03,11,Tuesday,Person B
Fridge,Magnetic,Kitchen,0:00:07,11,Tuesday,Person B
Door,PIR,Kitchen,0:00:03,11,Tuesday,Person B
Door,PIR,Bedroom,0:00:04,11,Tuesday,Person B
Door,PIR,Bedroom,0:00:04,11,Tuesday,Person B
Door,PIR,Living,0:00:04,11,Tuesday,Person B
Seat,Pressure,Living,0:22:54,11,Tuesday,Person B
Door,PIR,Living,0:00:04,12,Tuesday,Person B
Door,PIR,Kitchen,0:00:03,12,Tuesday,Person B
Door,PIR,Living,0:00:02,12,Tuesday,Person B
Seat,Pressure,Living,0:53:40,12,Tuesday,Person B
Door,PIR,Living,0:00:04,13,Tuesday,Person B
Door,PIR,Kitchen,0:00:03,13,Tuesday,Person B
Basin,PIR,Bathroom,0:08:22,13,Tuesday,Person B
Shower,PIR,Bathroom,0:12:00,13,Tuesday,Person B
Basin,PIR,Bathroom,0:00:30,13,Tuesday,Person B
Door,PIR,Living,0:00:03,14,Tuesday,Person B
Seat,Pressure,Living,0:22:01,14,Tuesday,Person B
Door,PIR,Living,0:00:03,14,Tuesday,Person B
Maindoor,Magnetic,Entrance,0:00:04,14,Tuesday,Person B
Maindoor,Magnetic,Entrance,0:00:05,16,Tuesday,Person B
Door,PIR,Living,0:00:03,16,Tuesday,Person B
Seat,Pressure,Living,2:25:58,16,Tuesday,Person B
Door,PIR,Living,0:00:02,18,Tuesday,Person B
Door,PIR,Kitchen,0:00:02,19,Tuesday,Person B
Door,PIR,Living,0:00:03,19,Tuesday,Person B
Door,PIR,Living,0:00:03,19,Tuesday,Person B
Door,PIR,Living,0:00:03,19,Tuesday,Person B
Door,PIR,Living,0:00:02,19,Tuesday,Person B
Door,PIR,Kitchen,0:00:03,19,Tuesday,Person B
Fridge,Magnetic,Kitchen,0:00:16,19,Tuesday,Person B
Door,PIR,Kitchen,0:00:03,19,Tuesday,Person B
Door,PIR,Living,0:00:02,19,Tuesday,Person B
Seat,Pressure,Living,0:10:16,19,Tuesday,Person B
Door,PIR,Living,0:00:03,20,Tuesday,Person B
Door,PIR,Living,0:00:03,21,Tuesday,Person B
Basin,PIR,Bathroom,0:00:55,21,Tuesday,Person B
Toilet,Flush,Bathroom,0:00:54,21,Tuesday,Person B
Basin,PIR,Bathroom,0:00:23,21,Tuesday,Person B
Door,PIR,Bedroom,0:00:02,1,Wednesday,Person B
Basin,PIR,Bathroom,0:00:35,1,Wednesday,Person B
Toilet,Flush,Bathroom,0:00:55,1,Wednesday,Person B
Door,PIR,Living,0:00:03,1,Wednesday,Person B
Door,PIR,Living,0:00:02,1,Wednesday,Person B
Door,PIR,Bedroom,0:00:06,1,Wednesday,Person B
Bed,Pressure,Bedroom,7:20:44,1,Wednesday,Person B
Door,PIR,Bedroom,0:00:04,9,Wednesday,Person B
Toilet,Flush,Bathroom,0:01:23,9,Wednesday,Person B
Door,PIR,Bedroom,0:00:03,9,Wednesday,Person B
Door,PIR,Living,0:00:03,9,Wednesday,Person B
Door,PIR,Kitchen,0:00:04,9,Wednesday,Person B
Fridge,Magnetic,Kitchen,0:00:02,9,Wednesday,Person B
Fridge,Magnetic,Kitchen,0:00:02,9,Wednesday,Person B
Door,PIR,Kitchen,0:00:01,9,Wednesday,Person B
Door,PIR,Living,0:00:03,9,Wednesday,Person B
Door,PIR,Living,0:00:03,9,Wednesday,Person B
Door,PIR,Kitchen,0:00:03,9,Wednesday,Person B
Fridge,Magnetic,Kitchen,0:00:04,9,Wednesday,Person B
Door,PIR,Kitchen,0:00:02,9,Wednesday,Person B
Basin,PIR,Bathroom,0:00:03,9,Wednesday,Person B
Basin,PIR,Bathroom,0:05:53,9,Wednesday,Person B
Toilet,Flush,Bathroom,0:01:17,10,Wednesday,Person B
Basin,PIR,Bathroom,0:01:14,10,Wednesday,Person B
Door,PIR,Living,0:00:02,10,Wednesday,Person B
Seat,Pressure,Living,0:10:02,10,Wednesday,Person B
Door,PIR,Living,0:00:03,10,Wednesday,Person B
Door,PIR,Living,0:00:04,10,Wednesday,Person B
Seat,Pressure,Living,0:12:41,10,Wednesday,Person B
Door,PIR,Living,0:00:03,11,Wednesday,Person B
Maindoor,Magnetic,Entrance,0:00:03,11,Wednesday,Person B
Maindoor,Magnetic,Entrance,0:00:03,12,Wednesday,Person B
Door,PIR,Kitchen,0:00:02,12,Wednesday,Person B
Fridge,Magnetic,Kitchen,0:00:03,12,Wednesday,Person B
Door,PIR,Kitchen,0:00:01,12,Wednesday,Person B
Door,PIR,Kitchen,0:00:02,12,Wednesday,Person B
Door,PIR,Living,0:00:03,12,Wednesday,Person B
Seat,Pressure,Living,0:10:27,13,Wednesday,Person B
Door,PIR,Living,0:00:06,13,Wednesday,Person B
Door,PIR,Kitchen,0:00:02,13,Wednesday,Person B
Fridge,Magnetic,Kitchen,0:00:07,13,Wednesday,Person B
Door,PIR,Kitchen,0:00:07,13,Wednesday,Person B
Door,PIR,Living,0:00:03,13,Wednesday,Person B
Door,PIR,Living,0:00:03,13,Wednesday,Person B
Seat,Pressure,Living,0:27:47,13,Wednesday,Person B
Door,PIR,Living,0:00:03,14,Wednesday,Person B
Basin,PIR,Bathroom,0:00:11,14,Wednesday,Person B
Door,PIR,Living,0:00:02,14,Wednesday,Person B
Door,PIR,Living,0:00:04,14,Wednesday,Person B
Maindoor,Magnetic,Entrance,0:00:05,14,Wednesday,Person B
Maindoor,Magnetic,Entrance,0:00:03,16,Wednesday,Person B
Door,PIR,Living,0:00:03,16,Wednesday,Person B
Seat,Pressure,Living,1:30:56,16,Wednesday,Person B
Door,PIR,Living,0:00:03,17,Wednesday,Person B
Toilet,Flush,Bathroom,0:05:11,17,Wednesday,Person B
Door,PIR,Living,0:00:03,17,Wednesday,Person B
Seat,Pressure,Living,1:32:44,17,Wednesday,Person B
Door,PIR,Living,0:00:04,19,Wednesday,Person B
Door,PIR,Kitchen,0:00:04,19,Wednesday,Person B
Fridge,Magnetic,Kitchen,0:00:04,19,Wednesday,Person B
Door,PIR,Kitchen,0:00:04,19,Wednesday,Person B
Maindoor,Magnetic,Entrance,0:00:04,19,Wednesday,Person B
Maindoor,Magnetic,Entrance,0:00:07,22,Wednesday,Person B
Door,PIR,Kitchen,0:00:03,22,Wednesday,Person B
Fridge,Magnetic,Kitchen,0:00:07,22,Wednesday,Person B
Fridge,Magnetic,Kitchen,0:00:02,22,Wednesday,Person B
Door,PIR,Kitchen,0:00:04,22,Wednesday,Person B
Door,PIR,Living,0:00:03,22,Wednesday,Person B
Door,PIR,Living,0:00:05,22,Wednesday,Person B
Door,PIR,Bedroom,0:00:03,22,Wednesday,Person B
Door,PIR,Bedroom,0:00:04,22,Wednesday,Person B
Door,PIR,Living,0:00:02,22,Wednesday,Person B
Seat,Pressure,Living,1:17:37,22,Wednesday,Person B
Door,PIR,Living,0:00:04,23,Wednesday,Person B
Door,PIR,Kitchen,0:00:02,23,Wednesday,Person B
Door,PIR,Kitchen,0:00:02,23,Wednesday,Person B
Door,PIR,Living,0:00:02,23,Wednesday,Person B
Door,PIR,Living,0:00:05,23,Wednesday,Person B
Door,PIR,Bedroom,0:00:04,23,Wednesday,Person B
Basin,PIR,Bathroom,0:01:35,23,Wednesday,Person B
Door,PIR,Bedroom,0:00:05,0,Thursday,Person B
Door,PIR,Bedroom,0:00:04,0,Thursday,Person B
Door,PIR,Bedroom,0:00:04,0,Thursday,Person B
Bed,Pressure,Bedroom,8:34:10,1,Thursday,Person B
Door,PIR,Bedroom,0:00:02,9,Thursday,Person B
Door,PIR,Living,0:00:03,9,Thursday,Person B
Door,PIR,Kitchen,0:00:02,9,Thursday,Person B
Fridge,Magnetic,Kitchen,0:00:02,9,Thursday,Person B
Fridge,Magnetic,Kitchen,0:00:02,9,Thursday,Person B
Fridge,Magnetic,Kitchen,0:00:04,9,Thursday,Person B
Door,PIR,Kitchen,0:00:07,9,Thursday,Person B
Door,PIR,Bedroom,0:00:04,9,Thursday,Person B
Toilet,Flush,Bathroom,0:06:21,9,Thursday,Person B
Door,PIR,Kitchen,0:00:02,9,Thursday,Person B
Door,PIR,Kitchen,0:00:03,9,Thursday,Person B
Door,PIR,Living,0:00:03,9,Thursday,Person B
Door,PIR,Living,0:00:03,9,Thursday,Person B
Basin,PIR,Bathroom,0:00:24,10,Thursday,Person B
Door,PIR,Living,0:00:03,10,Thursday,Person B
Door,PIR,Living,0:00:03,10,Thursday,Person B
Basin,PIR,Bathroom,0:00:42,10,Thursday,Person B
Basin,PIR,Bathroom,0:05:31,10,Thursday,Person B
Basin,PIR,Bathroom,0:01:04,10,Thursday,Person B
Toilet,Flush,Bathroom,0:01:17,10,Thursday,Person B
Maindoor,Magnetic,Entrance,0:00:04,10,Thursday,Person B
Maindoor,Magnetic,Entrance,0:00:05,13,Thursday,Person B
Door,PIR,Living,0:00:06,14,Thursday,Person B
Door,PIR,Living,0:00:03,15,Thursday,Person B
Door,PIR,Kitchen,0:00:02,15,Thursday,Person B
Door,PIR,Living,0:00:04,15,Thursday,Person B
Seat,Pressure,Living,0:22:33,15,Thursday,Person B
Door,PIR,Living,0:00:13,15,Thursday,Person B
Door,PIR,Kitchen,0:00:03,15,Thursday,Person B
Basin,PIR,Bathroom,0:00:12,16,Thursday,Person B
Door,PIR,Living,0:00:02,16,Thursday,Person B
Door,PIR,Living,0:00:03,16,Thursday,Person B
Door,PIR,Kitchen,0:00:02,16,Thursday,Person B
Door,PIR,Kitchen,0:00:02,16,Thursday,Person B
Door,PIR,Living,0:00:03,16,Thursday,Person B
Seat,Pressure,Living,1:55:41,16,Thursday,Person B
Door,PIR,Living,0:00:03,18,Thursday,Person B
Door,PIR,Kitchen,0:00:03,18,Thursday,Person B
Fridge,Magnetic,Kitchen,0:00:22,18,Thursday,Person B
Door,PIR,Kitchen,0:00:08,18,Thursday,Person B
Door,PIR,Living,0:00:03,18,Thursday,Person B
Seat,Pressure,Living,0:50:23,18,Thursday,Person B
Door,PIR,Living,0:00:02,19,Thursday,Person B
Door,PIR,Living,0:00:03,19,Thursday,Person B
Seat,Pressure,Living,1:20:07,19,Thursday,Person B
Door,PIR,Living,0:00:04,20,Thursday,Person B
Basin,PIR,Bathroom,0:00:03,21,Thursday,Person B
Door,PIR,Bedroom,0:00:05,21,Thursday,Person B
Door,PIR,Bedroom,0:00:04,21,Thursday,Person B
Door,PIR,Living,0:00:03,21,Thursday,Person B
Seat,Pressure,Living,0:28:50,21,Thursday,Person B
Door,PIR,Living,0:00:03,21,Thursday,Person B
Door,PIR,Kitchen,0:00:03,22,Thursday,Person B
Fridge,Magnetic,Kitchen,0:00:05,22,Thursday,Person B
Door,PIR,Kitchen,0:00:03,22,Thursday,Person B
Door,PIR,Living,0:00:03,22,Thursday,Person B
Door,PIR,Living,0:00:03,23,Thursday,Person B
Door,PIR,Bedroom,0:00:03,23,Thursday,Person B
Door,PIR,Bedroom,0:00:02,0,Friday,Person B
Door,PIR,Living,0:00:03,0,Friday,Person B
Door,PIR,Living,0:00:03,0,Friday,Person B
Door,PIR,Living,0:00:03,0,Friday,Person B
Door,PIR,Living,0:00:03,1,Friday,Person B
Door,PIR,Bedroom,0:00:05,1,Friday,Person B
Door,PIR,Bedroom,0:00:03,7,Friday,Person B
Door,PIR,Bedroom,0:00:05,7,Friday,Person B
Bed,Pressure,Bedroom,1:35:02,7,Friday,Person B
Door,PIR,Bedroom,0:00:03,10,Friday,Person B
Toilet,Flush,Bathroom,0:05:51,10,Friday,Person B
Door,PIR,Living,0:00:04,10,Friday,Person B
Door,PIR,Living,0:00:02,10,Friday,Person B
Basin,PIR,Bathroom,0:01:33,10,Friday,Person B
Door,PIR,Living,0:00:03,10,Friday,Person B
Door,PIR,Living,0:00:03,10,Friday,Person B
Door,PIR,Kitchen,0:00:01,10,Friday,Person B
Fridge,Magnetic,Kitchen,0:00:03,10,Friday,Person B
Fridge,Magnetic,Kitchen,0:00:02,10,Friday,Person B
Fridge,Magnetic,Kitchen,0:00:10,10,Friday,Person B
Fridge,Magnetic,Kitchen,0:00:10,11,Friday,Person B
Cupboard,Magnetic,Kitchen,0:00:08,11,Friday,Person B
Door,PIR,Kitchen,0:00:02,11,Friday,Person B
Door,PIR,Living,0:00:03,11,Friday,Person B
Door,PIR,Living,0:00:03,11,Friday,Person B
Door,PIR,Bedroom,0:00:04,11,Friday,Person B
Door,PIR,Bedroom,0:00:02,11,Friday,Person B
Door,PIR,Kitchen,0:00:02,11,Friday,Person B
Fridge,Magnetic,Kitchen,0:00:07,11,Friday,Person B
Door,PIR,Kitchen,0:00:02,11,Friday,Person B
Door,PIR,Living,0:00:03,11,Friday,Person B
Door,PIR,Living,0:00:02,11,Friday,Person B
Basin,PIR,Bathroom,0:04:11,11,Friday,Person B
Shower,PIR,Bathroom,0:03:28,11,Friday,Person B
Basin,PIR,Bathroom,0:00:41,12,Friday,Person B
Door,PIR,Living,0:00:03,12,Friday,Person B
Door,PIR,Living,0:00:03,12,Friday,Person B
Basin,PIR,Bathroom,0:04:14,12,Friday,Person B
Basin,PIR,Bathroom,0:00:40,12,Friday,Person B
Door,PIR,Living,0:00:03,12,Friday,Person B
Seat,Pressure,Living,1:37:42,12,Friday,Person B
Door,PIR,Living,0:00:03,14,Friday,Person B
Door,PIR,Kitchen,0:00:05,14,Friday,Person B
Door,PIR,Living,0:00:03,15,Friday,Person B
Door,PIR,Kitchen,0:00:02,15,Friday,Person B
Door,PIR,Kitchen,0:00:03,15,Friday,Person B
Door,PIR,Living,0:00:04,15,Friday,Person B
Door,PIR,Living,0:00:05,15,Friday,Person B
Door,PIR,Kitchen,0:00:03,15,Friday,Person B
Fridge,Magnetic,Kitchen,0:00:05,15,Friday,Person B
Fridge,Magnetic,Kitchen,0:00:04,15,Friday,Person B
Door,PIR,Kitchen,0:00:02,15,Friday,Person B
Door,PIR,Living,0:00:04,15,Friday,Person B
Door,PIR,Living,0:00:06,15,Friday,Person B
Door,PIR,Kitchen,0:00:02,15,Friday,Person B
Door,PIR,Kitchen,0:00:02,15,Friday,Person B
Door,PIR,Living,0:00:03,15,Friday,Person B
Seat,Pressure,Living,2:07:42,15,Friday,Person B
Door,PIR,Living,0:00:04,17,Friday,Person B
Door,PIR,Kitchen,0:00:02,17,Friday,Person B
Fridge,Magnetic,Kitchen,0:00:13,17,Friday,Person B
Door,PIR,Kitchen,0:00:02,17,Friday,Person B
Toilet,Flush,Bathroom,0:01:52,17,Friday,Person B
Door,PIR,Kitchen,0:00:04,17,Friday,Person B
Door,PIR,Living,0:00:03,17,Friday,Person B
Seat,Pressure,Living,2:31:41,17,Friday,Person B
Door,PIR,Living,0:00:03,20,Friday,Person B
Door,PIR,Kitchen,0:00:01,20,Friday,Person B
Door,PIR,Kitchen,0:00:02,20,Friday,Person B
Door,PIR,Living,0:00:03,20,Friday,Person B
Seat,Pressure,Living,1:44:30,20,Friday,Person B
Door,PIR,Living,0:00:03,22,Friday,Person B
Door,PIR,Kitchen,0:00:04,22,Friday,Person B
Fridge,Magnetic,Kitchen,0:00:12,22,Friday,Person B
Door,PIR,Kitchen,0:00:03,22,Friday,Person B
Door,PIR,Living,0:00:03,22,Friday,Person B
Door,PIR,Bedroom,0:00:02,0,Saturday,Person B
Basin,PIR,Bathroom,0:01:06,0,Saturday,Person B
Basin,PIR,Bathroom,0:00:03,0,Saturday,Person B
Door,PIR,Bedroom,0:00:02,0,Saturday,Person B
Bed,Pressure,Bedroom,9:21:42,0,Saturday,Person B
Door,PIR,Bedroom,0:00:03,9,Saturday,Person B
Toilet,Flush,Bathroom,0:00:58,9,Saturday,Person B
Door,PIR,Bedroom,0:00:02,9,Saturday,Person B
Door,PIR,Bedroom,0:00:03,9,Saturday,Person B
Door,PIR,Living,0:00:03,9,Saturday,Person B
Door,PIR,Kitchen,0:00:02,9,Saturday,Person B
Door,PIR,Kitchen,0:00:04,10,Saturday,Person B
Basin,PIR,Bathroom,0:02:26,10,Saturday,Person B
Shower,PIR,Bathroom,0:06:31,10,Saturday,Person B
Basin,PIR,Bathroom,0:02:34,10,Saturday,Person B
Basin,PIR,Bathroom,0:00:04,10,Saturday,Person B
Door,PIR,Living,0:00:03,10,Saturday,Person B
Door,PIR,Living,0:00:02,11,Saturday,Person B
Door,PIR,Kitchen,0:00:02,11,Saturday,Person B
Fridge,Magnetic,Kitchen,0:00:19,11,Saturday,Person B
Door,PIR,Kitchen,0:00:02,11,Saturday,Person B
Maindoor,Magnetic,Entrance,0:00:06,12,Saturday,Person B
Maindoor,Magnetic,Entrance,0:00:06,12,Saturday,Person B
Toilet,Flush,Bathroom,0:01:04,12,Saturday,Person B
Door,PIR,Living,0:00:05,12,Saturday,Person B
Door,PIR,Living,0:00:02,12,Saturday,Person B
Door,PIR,Kitchen,0:00:03,13,Saturday,Person B
Door,PIR,Kitchen,0:00:02,14,Saturday,Person B
Door,PIR,Kitchen,0:00:03,15,Saturday,Person B
Fridge,Magnetic,Kitchen,0:00:04,15,Saturday,Person B
Door,PIR,Kitchen,0:00:02,15,Saturday,Person B
Door,PIR,Living,0:00:08,18,Saturday,Person B
Door,PIR,Kitchen,0:00:04,18,Saturday,Person B
Fridge,Magnetic,Kitchen,0:00:13,18,Saturday,Person B
Door,PIR,Kitchen,0:00:03,18,Saturday,Person B
Toilet,Flush,Bathroom,0:00:57,18,Saturday,Person B
Door,PIR,Living,0:00:03,18,Saturday,Person B
Seat,Pressure,Living,1:42:21,18,Saturday,Person B
Door,PIR,Living,0:00:02,20,Saturday,Person B
Basin,PIR,Bathroom,0:00:04,21,Saturday,Person B
Basin,PIR,Bathroom,0:01:17,1,Sunday,Person B
Toilet,Flush,Bathroom,0:00:45,1,Sunday,Person B
Door,PIR,Living,0:00:05,1,Sunday,Person B
Door,PIR,Living,0:00:02,1,Sunday,Person B
Door,PIR,Bedroom,0:00:04,1,Sunday,Person B
Bed,Pressure,Bedroom,7:37:09,1,Sunday,Person B
Door,PIR,Bedroom,0:00:03,9,Sunday,Person B
Door,PIR,Bedroom,0:00:17,9,Sunday,Person B
Door,PIR,Bedroom,0:00:03,10,Sunday,Person B
Toilet,Flush,Bathroom,0:01:20,10,Sunday,Person B
Door,PIR,Bedroom,0:00:04,10,Sunday,Person B
Door,PIR,Kitchen,0:00:06,10,Sunday,Person B
Fridge,Magnetic,Kitchen,0:00:15,10,Sunday,Person B
Door,PIR,Kitchen,0:00:03,10,Sunday,Person B
Toilet,Flush,Bathroom,0:01:21,11,Sunday,Person B
Basin,PIR,Bathroom,0:13:35,11,Sunday,Person B
Basin,PIR,Bathroom,0:00:12,11,Sunday,Person B
Door,PIR,Living,0:00:03,12,Sunday,Person B
Door,PIR,Kitchen,0:00:02,12,Sunday,Person B
Fridge,Magnetic,Kitchen,0:00:05,12,Sunday,Person B
Door,PIR,Kitchen,0:00:41,12,Sunday,Person B
Maindoor,Magnetic,Entrance,0:00:12,13,Sunday,Person B
Maindoor,Magnetic,Entrance,0:00:03,13,Sunday,Person B
Door,PIR,Living,0:00:04,15,Sunday,Person B
Door,PIR,Kitchen,0:00:02,15,Sunday,Person B
Fridge,Magnetic,Kitchen,0:00:40,15,Sunday,Person B
Door,PIR,Kitchen,0:00:02,15,Sunday,Person B
Door,PIR,Living,0:00:03,15,Sunday,Person B
Door,PIR,Living,0:00:03,15,Sunday,Person B
Door,PIR,Kitchen,0:00:02,15,Sunday,Person B
Fridge,Magnetic,Kitchen,0:00:02,15,Sunday,Person B
Door,PIR,Kitchen,0:00:02,15,Sunday,Person B
Door,PIR,Kitchen,0:00:02,16,Sunday,Person B
Fridge,Magnetic,Kitchen,0:00:14,16,Sunday,Person B
Door,PIR,Kitchen,0:00:04,16,Sunday,Person B
Door,PIR,Kitchen,0:00:02,17,Sunday,Person B
Door,PIR,Living,0:00:04,17,Sunday,Person B
Seat,Pressure,Living,1:32:49,17,Sunday,Person B
Door,PIR,Living,0:00:03,18,Sunday,Person B
Toilet,Flush,Bathroom,0:00:57,18,Sunday,Person B
Door,PIR,Living,0:00:03,18,Sunday,Person B
Toilet,Flush,Bathroom,0:00:59,19,Sunday,Person B
Door,PIR,Kitchen,0:00:05,19,Sunday,Person B
Door,PIR,Living,0:00:04,19,Sunday,Person B
Seat,Pressure,Living,0:45:12,19,Sunday,Person B
Door,PIR,Living,0:00:04,20,Sunday,Person B
Door,PIR,Kitchen,0:00:03,20,Sunday,Person B
Door,PIR,Living,0:00:03,20,Sunday,Person B
Door,PIR,Living,0:00:03,20,Sunday,Person B
Door,PIR,Bedroom,0:00:04,20,Sunday,Person B
Basin,PIR,Bathroom,0:00:04,20,Sunday,Person B
Seat,Pressure,Living,3:44:00,21,Sunday,Person B
